,county,state,total_percentage16,percentage16_Donald_Trump,percentage16_Hillary_Clinton,total_votes16,votes16_Donald_Trump,votes16_Hillary_Clinton, total_percentage20 ,percentage20_Donald_Trump,percentage20_Joe_Biden,total_votes20,votes20_Donald_Trump,votes20_Joe_Biden,lat,long,cases,deaths,percentage_deaths,TotalPop,Men,Women,Hispanic,White,Black,Native,Asian,Pacific,VotingAgeCitizen,Income,IncomePerCap,Poverty,Professional,Service,Office,Construction,Production,SelfEmployed,FamilyWork,Unemployment,Total_Mail_Ballots_Returned20,Mail_Ballots_Returned_Trump20,Mail_Ballots_Returned_Biden20
1,Apache,AZ,0.90,28.50,65.40,18659,5315,12196, 1.02 ,32.70,66.10,34397,11240,22730,35.39465006,-109.4892383,4003,171,6.53,71602,35355,36247,6.1,18.5,0.5,72.8,0.3,0.1,50359,32360,13865,35.9,29.7,25.4,20.6,11.5,12.8,4.4,0.1,14.1,18777.37,9339.48,9437.89
2,Cochise,AZ,2.09,58.00,35.40,43147,25036,15291, 1.71 ,58.20,39.90,57672,33580,22997,31.87934684,-109.7516088,2205,75,2.86,126516,64094,62422,35,55.7,3.6,0.9,1.8,0.4,92064,47847,24896,18.1,34.4,24.3,24.1,10.1,7.2,6.1,0.4,7.6,31483.22,15659.11,15824.11
3,Coconino,AZ,2.18,36.90,56.30,44929,16573,25308, 2.17 ,37.00,61.00,73174,27043,44609,35.83883429,-111.7707178,5405,149,5.69,138639,68264,70375,13.9,54.3,1.2,25.8,1.8,0.1,105097,53523,25722,21,36.5,22.7,22.5,8.4,9.9,4.7,0.2,8.3,39945.78,19868.21,20077.57
4,Gila,AZ,1.04,63.90,31.50,21398,13672,6746, 0.82 ,66.40,32.30,27662,18377,8943,33.80190085,-110.8132779,1989,72,2.75,53145,26284,26861,18.6,62.8,0.4,15.6,0.9,0,41292,41179,22433,21.9,31.6,22.8,21.4,15.3,8.9,5.7,0.2,11.7,15100.72,7510.79,7589.93
5,Graham,AZ,0.58,67.20,27.60,11939,8025,3301, 0.45 ,71.70,26.90,14993,10747,4034,32.93166885,-109.8882178,1281,29,1.11,37700,20233,17467,32.5,51.2,1.8,12.6,0.7,0.2,26382,48173,17874,21.4,28.3,21.1,23.7,15.7,11.3,3.9,0.2,12.2,8184.70,4070.90,4113.80
6,Greenlee,AZ,0.16,58.30,33.70,3243,1892,1092, 0.11 ,66.00,32.10,3685,2433,1182,33.21498827,-109.2405279,104,1,0.04,9368,4997,4371,46.4,47.6,2,3.6,0.4,0,6499,56298,24935,11.5,24,16.4,14,28.5,17.1,4,0.2,7.6,2011.65,1000.55,1011.09
7,La Paz,AZ,0.24,68.60,26.70,4931,3381,1318, 0.22 ,68.80,30.00,7458,5129,2236,33.72854224,-113.9810029,628,17,0.65,20477,10530,9947,26.3,58.7,0.8,11.1,0.8,0.2,15702,36479,21707,19.7,26.4,26.8,18.4,18.2,10.1,6.7,0,9.5,4071.33,2025.00,2046.33
8,Maricopa,AZ,58.27,49.10,45.70,1201934,590465,549040, 61.29 ,48.20,50.30,2063663,993691,1038364,33.34835867,-112.4918154,159781,3606,137.63,4155501,2055464,2100037,30.6,56.3,5.1,1.5,3.9,0.2,2778337,58580,30186,15.7,37.4,18.1,26.7,8.4,9.5,5.9,0.1,6,1126556.27,560325.94,566230.33
9,Mohave,AZ,3.60,73.70,22.20,74189,54656,16485, 3.11 ,75.00,23.70,104667,78534,24831,35.70471703,-113.7577902,4453,234,8.93,204691,103175,101516,15.9,78,1,2.1,1.2,0.1,160544,41567,23527,18.6,24.3,25.4,26.8,10.9,12.7,7.1,0.2,10.1,57137.85,28419.19,28718.66
10,Navajo,AZ,1.72,51.30,43.40,35409,18165,15362, 1.54 ,53.40,45.20,51767,27657,23383,35.3997715,-110.3218983,6538,241,9.20,107902,54037,53865,11.2,41.6,0.7,43.2,0.6,0.1,76593,38798,17685,29.1,29.3,24.7,22.8,11.7,11.5,5.8,0.2,16.3,28259.67,14055.78,14203.89
11,Pima,AZ,17.49,40.80,54.20,360762,147019,195649, 15.18 ,39.70,58.80,511127,202928,300743,32.0971334,-111.7890033,28824,641,24.47,1007257,495714,511543,36.6,52.6,3.2,2.4,2.6,0.1,726019,48676,27323,18.3,36.4,21.5,24.9,8.7,8.5,6.5,0.2,8.4,279024.88,138781.24,140243.64
12,Pinal,AZ,4.55,57.40,38.10,93805,53857,35737, 5.51 ,57.70,40.50,185398,106966,75093,32.90525627,-111.3449483,12174,228,8.70,405537,211665,193872,29.6,57.4,4.3,4.3,1.6,0.3,286075,52628,22944,15.5,29.4,22.8,25.5,10.5,11.8,5.7,0.2,7.8,101209.01,50339.28,50869.73
13,Santa Cruz,AZ,0.72,24.50,71.60,14926,3650,10684, 0.58 ,31.70,67.20,19556,6194,13138,31.52508998,-110.8479088,3065,65,2.48,46358,22229,24129,83.4,15,0.3,0.2,0.8,0,27410,39630,19482,21.8,25.6,20.8,29.7,10.9,13,8.9,0.2,8.7,10675.65,5309.85,5365.80
14,Yavapai,AZ,4.50,63.40,32.00,92780,58862,29705, 4.25 ,63.90,34.60,143221,91527,49602,34.59933926,-112.5538588,3029,91,3.47,220972,108100,112872,14.3,80.9,0.5,1.5,0.9,0,176240,48259,27504,14.7,31.9,22.7,24.5,11.1,9.8,9.3,0.1,7.3,78184.53,38887.38,39297.15
15,Yuma,AZ,1.98,50.50,45.00,40759,20586,18336, 2.03 ,52.30,46.10,68427,35766,31562,32.76895712,-113.9066674,13994,358,13.66,204281,104914,99367,62.9,31.8,1.8,0.9,1.1,0.1,121564,43253,20600,19.7,24.9,23,22.8,17.4,12,4.6,0.2,10.9,37354.39,18579.30,18775.08
16,Appling,GA,0.17,78.40,20.50,7003,5492,1434, 0.17 ,78.20,21.30,8341,6526,1779,31.74847232,-82.28909114,1179,38,1.45,18471,9090,9381,9.7,69.6,17.9,0.6,0.8,0,13387,37089,19936,24.7,26,13.9,18.7,22.8,18.6,4.9,0.2,7.7,1364.48,90.90,1273.57
17,Atkinson,GA,0.06,71.90,26.70,2604,1873,696, 0.06 ,72.90,26.10,3155,2300,825,31.29633502,-82.87545866,486,6,0.23,8313,4112,4201,24.6,56.6,17.8,0.7,0,0,5245,33063,19904,27.4,21.6,9.7,22.2,23,23.5,5.6,0,8.4,516.12,34.38,481.73
18,Bacon,GA,0.10,83.70,15.10,4010,3356,607, 0.09 ,86.10,13.40,4668,4018,625,31.55456473,-82.45936528,640,16,0.61,11279,5599,5680,8.5,73.6,14.6,0,0.9,0.2,7903,38824,18856,23.2,30.7,12,22.4,18.6,16.2,6.2,0,3.1,763.62,50.87,712.75
19,Baker,GA,0.04,53.80,45.10,1440,775,650, 0.03 ,57.70,41.90,1555,897,652,31.32669878,-84.44218806,92,6,0.23,3251,1547,1704,5.4,52.1,41.3,0.2,0.6,0.5,2512,43867,22270,19.5,28.5,11.4,27.8,19.9,12.4,6.8,0,2.5,254.38,16.95,237.43
20,Baldwin,GA,0.40,47.80,49.50,16075,7691,7965, 0.37 ,48.80,50.10,18251,8903,9140,33.06882326,-83.24701748,2337,65,2.48,45527,22893,22634,2.2,52.9,41.4,0.3,1.5,0.2,36104,37008,20114,27.8,30.3,26.9,20.2,9.8,12.8,3.7,0,9,2985.62,198.91,2786.71
21,Banks,GA,0.17,88.30,9.80,6946,6130,684, 0.18 ,88.60,10.60,8801,7795,932,34.35607081,-83.49644388,574,8,0.31,18363,9245,9118,6.4,88.4,2.5,0.2,1.2,0,13533,42182,19451,14.3,24.8,17,22.4,16.4,19.5,7,0.9,6.6,1439.73,95.92,1343.81
22,Barrow,GA,0.72,73.20,22.80,28828,21105,6580, 0.76 ,70.50,27.50,38017,26804,10453,33.99148694,-83.71436292,2672,51,1.95,75099,37033,38066,10,73,11.1,0.1,3.6,0,51848,56119,22978,13.2,28,13.8,29.1,12.5,16.6,4.5,0.1,6.8,6219.08,414.33,5804.75
23,Bartow,GA,0.97,76.10,20.90,39263,29879,8204, 1.01 ,74.70,24.00,50465,37673,12091,34.23732119,-84.83887523,3714,96,3.66,102623,50888,51735,8.2,78.2,10.5,0.2,0.9,0,73506,52393,24931,14.2,29.9,16.6,22.8,12.1,18.6,5.4,0.2,6,8255.41,549.99,7705.41
24,Ben Hill,GA,0.15,63.00,35.40,5923,3734,2098, 0.13 ,62.70,36.50,6560,4110,2392,31.76095874,-83.22145359,887,34,1.30,17272,8259,9013,6,56.5,36.2,0,0.2,0,12517,32344,16635,30.4,24.3,18.1,18.7,11.3,27.6,2.8,0.1,5.2,1073.13,71.49,1001.64
25,Berrien,GA,0.16,82.40,15.90,6563,5408,1041, 0.16 ,82.90,16.40,7743,6419,1269,31.27590016,-83.2252992,503,14,0.53,19014,9297,9717,4.9,82.3,10.8,0.2,1,0,14081,38297,18064,23.7,22.8,19.7,20.6,15.9,21.1,4.8,0.3,9.4,1266.65,84.39,1182.27
26,Bibb,GA,1.45,38.70,58.90,58327,22589,34383, 1.42 ,37.50,61.40,70802,26585,43468,32.80904227,-83.70489165,6707,200,7.63,153923,72312,81611,3.2,39.3,54,0.2,1.9,0,113107,38183,23426,26.7,34.8,21.1,26.7,6.4,11,4.1,0.1,10.4,11582.27,771.64,10810.64
27,Bleckley,GA,0.12,75.30,22.20,4934,3717,1094, 0.11 ,75.80,23.00,5706,4328,1311,32.43829035,-83.33035166,515,27,1.03,12779,5909,6870,2.7,68.8,27.7,0.1,0.2,0,9903,40688,20667,23,30.1,20.3,22.9,12.9,13.8,5.1,0,7.7,933.43,62.19,871.24
28,Brantley,GA,0.16,88.50,9.80,6285,5561,619, 0.16 ,90.30,9.00,7746,6991,699,31.19576557,-81.97743999,473,13,0.50,18411,9070,9341,2.1,92.6,3.1,0.1,0.7,0.1,13772,36812,18220,21.8,24.4,18,20.8,20.7,16.1,6.8,0.2,7.8,1267.14,84.42,1182.72
29,Brooks,GA,0.16,58.70,39.90,6268,3679,2504, 0.14 ,60.00,39.30,7100,4260,2790,30.83922642,-83.58303423,553,26,0.99,15629,7531,8098,5.6,56.8,33.6,0,0.8,0,11757,34890,20964,23.6,27.1,16.6,23.5,16.8,16.1,6.4,0.1,13.6,1161.47,77.38,1084.09
30,Bryan,GA,0.37,69.80,26.60,15063,10513,4010, 0.43 ,66.70,31.60,21340,14244,6739,32.00979311,-81.44002948,1313,16,0.61,34883,17313,17570,6.6,74.3,14.6,0.5,1.5,0,24041,68589,29880,14.1,37.6,17,23.6,11.2,10.6,6.3,0.1,7.9,3490.94,232.57,3258.37
31,Bulloch,GA,0.60,59.90,36.50,24151,14476,8812, 0.60 ,61.10,37.40,30084,18386,11243,32.39577406,-81.74811421,3128,33,1.26,73742,36288,37454,3.7,64,28.5,0.2,1.5,0,57432,39305,20526,30.4,32.9,21.8,21.8,9.5,14.1,7.7,0.3,9.3,4921.35,327.87,4593.47
32,Burke,GA,0.23,48.00,50.60,9350,4491,4730, 0.21 ,50.50,48.80,10684,5400,5209,33.05917989,-81.99928721,901,12,0.46,22645,10752,11893,3.1,47,49.1,0,0.3,0,16455,38707,19720,29.2,28,18.1,19.8,14.8,19.4,5.6,0.2,5.8,1747.76,116.44,1631.32
33,Butts,GA,0.24,70.90,27.10,9477,6717,2566, 0.24 ,71.30,27.80,11789,8405,3272,33.2830945,-83.9543504,749,44,1.68,23556,12464,11092,3.1,66.6,28.2,0.1,0.6,0,18209,39655,21236,23.5,27.3,16.3,25.3,14.4,16.7,4.5,1.2,7.6,1928.52,128.48,1800.04
34,Calhoun,GA,0.05,41.00,58.20,2023,829,1178, 0.04 ,42.10,57.40,2194,923,1260,31.53169785,-84.62725131,277,10,0.38,6503,3915,2588,4.8,32.5,60.5,0,0.5,0,5141,29617,13865,32.2,30.3,21.4,17.5,15,15.8,3.9,0.7,14.9,358.91,23.91,335.00
35,Camden,GA,0.47,65.30,31.40,18825,12287,5914, 0.47 ,64.40,33.60,23688,15251,7967,30.92951916,-81.66601818,1459,18,0.69,52252,26821,25431,6.4,70.1,18.5,0.6,1.4,0.1,38225,53687,26854,12.7,33,19.6,23.8,12.1,11.5,5.1,0.2,8.2,3875.04,258.16,3616.88
36,Candler,GA,0.09,70.80,27.20,3757,2661,1023, 0.09 ,70.70,28.60,4432,3134,1269,32.40209349,-82.07702563,550,25,0.95,10894,5353,5541,11.5,61.2,23.5,0.7,0.8,0,7742,33125,18233,31.5,25.8,16.8,26.7,14.6,16.1,8.9,0.2,6.3,725.02,48.30,676.71
37,Carroll,GA,1.09,68.50,28.40,43744,29983,12422, 1.09 ,68.80,29.80,54474,37476,16238,33.58138199,-85.07976677,3428,77,2.94,114898,56032,58866,6.7,71.1,18.7,0.3,0.8,0.1,84217,46844,23139,18.6,27,18.7,22.6,11.6,20,5.6,0.1,9.4,8911.23,593.69,8317.54
38,Catoosa,GA,0.66,78.70,18.00,26510,20860,4769, 0.65 ,77.00,21.20,32692,25167,6932,34.89872298,-85.13757014,1493,23,0.88,65870,31953,33917,2.9,91.4,2.3,0.2,1.3,0,49624,54537,25643,10.8,32.2,13.5,28.5,10.4,15.4,5.2,0.1,5.4,5347.98,356.29,4991.69
39,Charlton,GA,0.10,73.60,25.00,4008,2950,1004, 0.09 ,74.90,24.20,4566,3419,1103,30.78371028,-82.13951596,649,10,0.38,12963,7393,5570,8.4,62,25.3,1.5,0.8,0,9378,43257,19102,23.1,25,20.3,16.9,17.5,20.3,5.2,0.2,10.4,746.94,49.76,697.17
40,Chatham,GA,2.63,41.20,55.70,106013,43649,58998, 2.68 ,39.90,58.70,133589,53288,78369,32.00043026,-81.12489526,9547,191,7.29,285506,137781,147725,6.3,49.1,39.4,0.2,2.5,0.1,212500,52215,28765,17.3,36.2,21.1,22.6,8.1,12,5.3,0.2,8.7,21853.40,1455.92,20397.47
41,Chattahoochee,GA,0.03,53.90,42.80,1384,746,593, 0.03 ,55.30,41.90,1590,880,667,32.34341231,-84.78809239,1804,1,0.04,11096,7455,3641,15.3,59.1,17.9,0.8,2.5,0.2,8372,46096,22774,15,31.9,18,21.6,14.3,14.1,4.9,0.2,15.2,260.10,17.33,242.77
42,Chattooga,GA,0.20,78.30,19.50,8246,6457,1612, 0.20 ,80.20,18.40,10050,8064,1854,34.47197698,-85.34535662,976,29,1.11,24880,12730,12150,4.7,83.1,10.2,0.1,0.4,0,18729,35718,17716,22.5,23.1,15.2,18.9,12.3,30.5,6.2,0.4,9.5,1644.05,109.53,1534.52
43,Cherokee,GA,2.75,72.70,22.70,110825,80611,25203, 2.90 ,68.80,29.50,144830,99587,42794,34.24393976,-84.47431861,7364,102,3.89,235896,116132,119764,10,79.9,6.2,0.1,1.9,0,164025,75477,33466,9.4,40.7,15.1,27.1,8.8,8.4,5.3,0,4.9,23692.28,1578.43,22113.84
44,Clarke,GA,1.10,28.70,66.70,44221,12691,29514, 1.03 ,28.10,70.20,51218,14412,35969,33.95436462,-83.37124007,5865,50,1.91,123554,58788,64766,10.6,55.6,27.3,0.1,4.2,0,93727,34557,21203,34.1,40.7,21.3,19.9,5.7,12.4,4.5,0.3,7.6,8378.59,558.20,7820.39
45,Clay,GA,0.03,44.50,54.80,1271,566,697, 0.03 ,44.40,55.10,1434,637,790,31.62221166,-84.97713865,124,3,0.11,3024,1495,1529,4.7,30.3,64.3,0,0,0,2312,23315,14559,41.4,18.4,18.7,20.2,26.6,16.1,6.2,0,20.3,234.58,15.63,218.95
46,Clayton,GA,2.21,13.20,85.10,89236,11740,75908, 2.25 ,14.10,85.00,112344,15813,95476,33.54187245,-84.35594188,8467,179,6.83,274150,129364,144786,13.2,11.2,67.7,0.2,5.3,0,176914,44106,19498,21.9,23.2,21.3,26.9,9.4,19.2,5.2,0.1,10.3,18378.00,1224.38,17153.61
47,Clinch,GA,0.06,70.60,28.00,2443,1724,685, 0.06 ,73.50,26.10,2864,2105,747,30.91395822,-82.70432472,461,13,0.50,6788,3411,3377,4.9,65.7,27.4,0.3,0.6,0,4848,21838,17145,39.5,27,18,17.4,14.9,22.7,2.6,0.1,9.1,468.51,31.21,437.30
48,Cobb,GA,8.10,46.70,48.80,326424,152602,159416, 7.89 ,42.00,56.30,393744,165459,221844,33.94243204,-84.5761255,22375,459,17.52,739072,357252,381820,12.8,53.1,26.3,0.1,5.1,0,497695,72004,36587,10.9,45.7,14.8,23.9,7.3,8.3,6.4,0.1,6,64411.32,4291.23,60120.09
49,Coffee,GA,0.34,68.90,29.40,13896,9575,4090, 0.30 ,69.50,29.70,15214,10578,4511,31.54892966,-82.8549206,2305,64,2.44,43048,22105,20943,11.3,58.6,27.9,0.1,0.7,0,30674,36572,18945,23.9,33.1,16.3,20.4,9.8,20.4,6.1,0.1,5.7,2488.81,165.81,2323.00
50,Colquitt,GA,0.34,72.80,25.50,13592,9892,3460, 0.32 ,73.20,26.00,16083,11777,4187,31.18810588,-83.7677946,2142,40,1.53,45890,22806,23084,18.9,56.5,22.5,0.3,0.8,0,29824,34503,18121,25.4,22.4,17.5,20.6,21.7,17.7,5.3,0.2,7.2,2630.97,175.28,2455.69
51,Columbia,GA,1.59,67.10,29.40,64190,43060,18863, 1.61 ,62.10,36.30,80579,50013,29236,33.54534185,-82.263524,4500,66,2.52,143723,70172,73551,6.2,70.1,16.3,0.2,4,0,102391,74162,31720,8.6,42.9,17.2,22.6,8.2,9.1,4.9,0.1,5.8,13181.66,878.19,12303.47
52,Cook,GA,0.15,69.10,29.00,6038,4175,1752, 0.14 ,69.70,29.30,7035,4900,2059,31.16068491,-83.42947229,614,16,0.61,17190,8275,8915,5.8,64.9,27.2,0.3,0.6,0,12384,35539,17587,24.2,24.8,16.8,24.1,14.2,20.1,6.5,0,5.8,1150.83,76.67,1074.16
53,Coweta,GA,1.52,69.30,27.00,61315,42513,16572, 1.54 ,67.10,31.50,76799,51501,24210,33.35334302,-84.76129976,3018,63,2.40,138015,67326,70689,6.8,71.5,17.4,0.1,1.8,0,98257,67570,31548,11.6,34.7,15.8,24.6,10.1,14.8,5,0.2,5.4,12563.30,837.00,11726.31
54,Crawford,GA,0.13,70.40,27.50,5157,3632,1419, 0.12 ,72.60,26.50,6102,4428,1615,32.71391813,-83.98061238,196,6,0.23,12385,6303,6082,0.7,73.5,23.3,0.1,1.1,0,9611,41032,22212,18.1,25.9,19.6,23.3,16.1,15.1,4,0.5,12.6,998.21,66.50,931.70
55,Crisp,GA,0.19,60.50,37.80,7500,4539,2835, 0.16 ,61.90,37.10,8052,4987,2986,31.92289565,-83.76811843,664,23,0.88,23005,10813,12192,3.2,50.6,43.2,0,1.2,0.2,16976,33194,21225,31.2,28.7,20,25.1,11.6,14.6,9,0,14.8,1317.20,87.75,1229.45
56,Dade,GA,0.15,80.90,15.50,6238,5047,965, 0.15 ,81.60,17.00,7434,6066,1261,34.8549167,-85.50490424,376,6,0.23,16282,7956,8326,2.2,93.8,0.5,0.7,1.1,0.7,13024,43163,23184,17.5,26.1,21.5,21.6,14.5,16.3,8.6,0.3,4.8,1216.10,81.02,1135.08
57,Dawson,GA,0.29,84.60,12.40,11680,9880,1444, 0.32 ,83.30,15.50,16081,13398,2486,34.44244079,-84.16964071,927,11,0.42,23397,11529,11868,4.2,92.8,1.2,0.1,0.3,0,18150,62284,31954,11.8,37.1,12.6,25,12.3,12.9,6.7,0,6.1,2630.64,175.26,2455.38
58,DeKalb,GA,7.34,16.10,80.80,295871,47531,239131, 7.42 ,15.70,83.10,370675,58361,308112,33.76944049,-84.22396017,21678,403,15.38,736066,348949,387117,8.7,29.1,53.3,0.2,6,0,500428,55876,32110,17.6,43.6,16.2,23.9,5.6,10.7,5.1,0.2,8.5,60637.54,4039.81,56597.73
59,Decatur,GA,0.25,58.70,40.10,10238,6009,4104, 0.23 ,58.10,41.10,11627,6758,4780,30.87967778,-84.57619536,1315,35,1.34,27023,13037,13986,5.8,50.9,42.1,0.1,0.4,0,19762,36934,19650,24.1,27.6,17,24.6,14.5,16.3,6.9,0.2,6.5,1902.02,126.72,1775.31
60,Dodge,GA,0.17,71.80,26.20,6995,5021,1836, 0.16 ,72.40,26.90,8070,5843,2171,32.17265114,-83.16948926,642,19,0.73,21063,11024,10039,3.4,65.3,27.8,0,0.6,0,16512,35290,18563,22.2,33.6,15.7,22.4,10.9,17.4,7.7,0,9,1320.15,87.95,1232.19
61,Dooly,GA,0.10,50.60,48.50,3836,1941,1860, 0.08 ,52.60,46.60,4105,2159,1911,32.15630737,-83.79746561,379,18,0.69,14053,7631,6422,6.9,42.6,49.5,0,0.1,0,11050,33389,16867,23.2,22.2,20.2,18.6,11.2,27.9,10.5,0,10.5,671.52,44.74,626.79
62,Dougherty,GA,0.84,30.10,68.50,33925,10227,23224, 0.71 ,29.60,69.60,35308,10449,24579,31.53328528,-84.21722377,3318,191,7.29,91522,42377,49145,2.6,26.2,68.4,0.1,0.8,0,67545,34541,20292,30.5,30.3,22.3,22.9,7.9,16.6,4,0.1,15.8,5775.92,384.81,5391.12
63,Douglas,GA,1.42,43.20,54.00,57365,24803,30971, 1.38 ,36.80,62.00,68806,25323,42653,33.70291126,-84.77026156,4204,73,2.79,140152,66926,73226,9.2,43.4,44,0.1,1.6,0,97768,59333,25449,14.2,34.3,15.6,26.2,9.2,14.7,5.7,0,7.9,11255.75,749.88,10505.87
64,Early,GA,0.12,53.40,45.30,4782,2552,2165, 0.10 ,52.50,47.00,5187,2722,2437,31.32155345,-84.90255207,558,35,1.34,10405,4817,5588,2.2,46.1,50.5,0.1,0.8,0,7694,29493,17972,27.5,29.9,12.4,19.5,19.7,18.6,6.3,0,8.7,848.52,56.53,791.99
65,Echols,GA,0.03,85.60,13.30,1175,1006,156, 0.03 ,87.20,11.60,1441,1256,167,30.71101099,-82.89687287,246,2,0.08,4011,2012,1999,26.7,65,2.7,1.9,0,0,2598,34315,20589,28.2,19.7,13,23.4,27.9,16,5.1,0,5.5,235.73,15.70,220.02
66,Effingham,GA,0.58,76.40,20.70,23395,17865,4851, 0.63 ,73.90,24.40,31624,23357,7720,32.36616021,-81.34280942,1863,29,1.11,57087,28260,28827,3.9,79.3,13.2,0.1,1,0.1,40780,64279,26765,9.6,32.1,13.7,21,14.6,18.6,3.4,0.1,5,5173.27,344.65,4828.61
67,Elbert,GA,0.20,66.60,31.70,7912,5269,2507, 0.18 ,67.90,31.40,9171,6226,2879,34.11302332,-82.83936148,769,10,0.38,19288,9218,10070,5.5,63.5,30.5,0,0.1,0,14697,35207,21138,22.4,25.8,14.8,20.8,10,28.5,8.4,0.2,7.7,1500.25,99.95,1400.30
68,Emanuel,GA,0.19,68.00,31.00,7838,5330,2433, 0.19 ,69.00,30.40,9501,6551,2884,32.59221302,-82.30239915,1216,39,1.49,22502,11183,11319,4.5,59.4,34,0,0,0,16600,33089,17944,29.2,25.7,20.5,20.5,13.2,20.2,6.7,0.4,10.3,1554.24,103.55,1450.69
69,Evans,GA,0.09,66.70,31.40,3602,2404,1130, 0.09 ,68.00,31.20,4247,2888,1324,32.15328841,-81.8870105,489,7,0.27,10757,5093,5664,11.8,56.5,30.2,0,0.8,0,7603,38736,20736,26,29.3,15.5,22.9,13.5,18.9,8.7,0,6.6,694.75,46.29,648.47
70,Fannin,GA,0.29,81.80,16.30,11764,9622,1920, 0.30 ,81.90,17.30,14850,12169,2571,34.86430205,-84.316964,841,27,1.03,24480,11852,12628,2.2,95.3,0.2,0.1,0.6,0.1,20090,43344,24845,15.8,29.6,20.6,23.5,13.7,12.5,12.1,0.2,8.3,2429.26,161.84,2267.42
71,Fayette,GA,1.50,58.00,38.50,60387,35034,23255, 1.39 ,52.50,46.10,69238,36372,31933,33.41357794,-84.49089434,2193,57,2.18,110306,53551,56755,7.1,64.1,21.1,0.3,4.4,0.1,79748,84861,39936,6.3,44.8,12.5,23.6,7.3,11.9,5.7,0.1,5.5,11326.42,754.59,10571.83
72,Floyd,GA,0.85,70.20,26.60,34250,24045,9127, 0.77 ,70.30,28.40,38588,27120,10972,34.26268279,-85.21577392,4114,61,2.33,96471,46770,49701,10.6,71.4,14.4,0.1,1.5,0,69367,46096,23929,18.1,29,20.3,22,10.4,18.3,4.5,0.1,7.5,6312.49,420.55,5891.94
73,Forsyth,GA,2.42,71.70,24.10,97314,69801,23427, 2.59 ,65.80,32.60,129305,85122,42203,34.22604035,-84.1231513,4906,54,2.06,211300,104886,106414,9.5,74.9,2.9,0.2,10.5,0,133643,96445,39896,6.5,51.1,11.3,24.8,6.1,6.7,5.9,0.1,4.2,21152.59,1409.23,19743.36
74,Franklin,GA,0.21,83.20,14.70,8474,7054,1243, 0.22 ,84.10,14.80,10786,9069,1593,34.37525597,-83.23159927,962,18,0.69,22328,10852,11476,4.4,83.9,9.8,0.1,0.7,0,16865,39246,19663,25.4,29.8,15.6,18.3,14.4,21.9,7.5,0.2,6.3,1764.45,117.55,1646.90
75,Fulton,GA,10.10,27.10,69.20,407173,110372,281875, 10.51 ,26.20,72.60,524532,137200,381057,33.79216944,-84.46319413,31753,628,23.97,1010420,489797,520623,7.4,39.9,43.6,0.2,6.7,0,710189,61336,41041,16,50.1,14.6,24,3.9,7.4,5.3,0.1,7.7,85806.51,5716.62,80089.89
76,Gilmer,GA,0.32,82.30,15.40,12713,10465,1955, 0.33 ,81.30,17.70,16525,13429,2932,34.69316688,-84.45802506,1065,23,0.88,29614,14950,14664,11.5,85.5,0.6,0.1,0.5,0,22105,46211,23688,18.8,26.1,22.5,21.3,14.6,15.5,9.8,0.3,7.4,2703.27,180.10,2523.17
77,Glascock,GA,0.03,88.80,9.90,1390,1235,138, 0.03 ,89.60,9.90,1566,1403,155,33.22879932,-82.61297636,52,2,0.08,3027,1464,1563,1.6,87.4,8.8,0.8,0,0,2321,45273,19815,11.5,32.4,10.9,17.7,14.1,24.9,4.9,0,3.3,256.18,17.07,239.11
78,Glynn,GA,0.84,63.10,34.50,34041,21482,11738, 0.84 ,61.00,37.80,41984,25616,15879,31.23279254,-81.53811412,3792,104,3.97,83467,39362,44105,6.7,63.8,25.7,0.4,1.3,0,62005,47546,29209,19.2,33.3,23.1,23,9,11.6,5.5,0.2,6.7,6868.03,457.56,6410.46
79,Gordon,GA,0.47,80.50,16.80,18850,15171,3176, 0.48 ,80.70,18.20,24033,19405,4384,34.50487351,-84.87296253,2455,47,1.79,56424,27913,28511,15.4,78,3.9,0,1.1,0,38832,43452,21208,18.8,23.2,14.6,22.4,12.5,27.3,4.5,0.2,5.7,3931.48,261.92,3669.56
80,Grady,GA,0.23,65.80,32.70,9187,6047,3005, 0.21 ,65.70,33.80,10707,7034,3619,30.87454847,-84.23418364,871,25,0.95,25048,12247,12801,11.1,58.3,28.2,0.5,0.5,0.3,17537,39462,20864,25.4,28,13.3,24.3,16.8,17.7,8.3,1.4,8,1751.52,116.69,1634.83
81,Greene,GA,0.22,62.10,36.20,8831,5488,3194, 0.23 ,62.80,36.30,11247,7068,4088,33.5769205,-83.17139104,584,25,0.95,16732,8142,8590,6.1,56.4,35.8,0.1,1,0,12969,45069,32890,21.9,27.7,24.3,25.6,7.8,14.6,6.4,0.2,6.5,1839.86,122.58,1717.29
82,Gwinnett,GA,8.04,45.20,51.00,323931,146463,165063, 8.29 ,40.20,58.40,413865,166413,241827,33.96044201,-84.02137802,31218,450,17.18,889954,435401,454553,20.7,39.3,25.9,0.2,11.2,0,530671,64496,27945,12.1,37.3,16.1,26.3,10.1,10.2,6.2,0.3,5.8,67702.85,4510.52,63192.33
83,Habersham,GA,0.40,81.70,15.40,16128,13184,2483, 0.41 ,81.40,17.40,20432,16637,3563,34.63331566,-83.53094677,1909,78,2.98,43878,20824,23054,14.2,77.3,3.1,0.1,2.3,0.2,31448,44474,20656,17.2,27.3,16.4,22.9,12.4,21,6.9,0.2,5.5,3342.41,222.68,3119.73
84,Hall,GA,1.74,73.70,23.00,70133,51681,16153, 1.81 ,70.90,27.70,90523,64170,25031,34.32207823,-83.81896936,10845,179,6.83,192865,96103,96762,27.8,61.6,7.3,0.2,1.7,0,119990,55622,26283,16.1,28.5,14.4,24.1,10.9,22.1,5.2,0.1,4.6,14808.37,986.57,13821.80
85,Hancock,GA,0.09,23.50,75.40,3572,841,2695, 0.08 ,27.80,71.70,4165,1159,2985,33.2721566,-82.99766919,419,44,1.68,8667,5258,3409,1.8,24.1,72.9,0,0.5,0.1,7276,29268,15454,30,25.8,33,19.6,6.3,15.3,6.4,0,4,681.34,45.39,635.95
86,Haralson,GA,0.28,84.60,13.00,11317,9579,1474, 0.29 ,86.40,12.60,14272,12331,1792,33.79602175,-85.21005667,673,11,0.42,28722,13965,14757,1.5,91.2,4.3,0.2,0.8,0,21640,43663,23141,18,27.2,16.8,21.2,16.1,18.7,6.7,0.1,7.2,2334.71,155.54,2179.17
87,Harris,GA,0.41,72.80,24.90,16392,11931,4082, 0.40 ,71.60,27.30,19991,14319,5457,32.73709786,-84.90538572,857,25,0.95,33198,16686,16512,3.3,77.1,15.9,0.1,0.9,0,25597,69539,32373,7.3,36.8,13.8,25.2,10.2,14,6.6,0.1,8.5,3270.26,217.87,3052.39
88,Hart,GA,0.25,72.30,25.60,10077,7285,2583, 0.25 ,74.40,24.80,12727,9464,3157,34.34626973,-82.96567682,601,17,0.65,25535,12502,13033,3.7,75.1,19,0,0.9,0,19724,41216,21668,18.8,26.8,15.8,23.2,12.4,21.8,7,0.5,4.7,2081.97,138.71,1943.26
89,Heard,GA,0.10,80.10,17.70,4206,3370,743, 0.11 ,83.70,15.30,5397,4516,824,33.29686567,-85.12886832,241,6,0.23,11607,5762,5845,0.7,85,10,0,0.5,0.1,8875,44897,20946,17.4,23.6,17.8,17.7,17.9,23,9.5,0.3,9.6,882.88,58.82,824.06
90,Henry,GA,2.43,46.60,50.90,98037,45641,49902, 2.46 ,39.30,59.70,122742,48187,73276,33.4533428,-84.1481466,6395,114,4.35,217506,104175,113331,6.5,46.7,40.7,0.1,3.3,0,153050,64752,26924,11.4,33.5,15.8,26.9,9,14.7,4.5,0.1,7.7,20078.97,1337.71,18741.26
91,Houston,GA,1.48,59.40,37.70,59559,35351,22460, 1.50 ,55.50,43.10,74823,41534,32232,32.45802497,-83.66879087,3740,95,3.63,150341,73081,77260,6.6,57.5,29.7,0.3,3,0,107551,55965,26305,16.7,35.2,18,23.9,11.4,11.5,3.9,0.1,7.8,12240.05,815.46,11424.59
92,Irwin,GA,0.09,74.10,24.30,3659,2711,890, 0.08 ,75.20,24.20,4168,3134,1008,31.60213036,-83.27501387,361,8,0.31,9278,4767,4511,1.3,67.6,28,0,0.5,0,7227,34677,19429,24.5,32.4,16.6,18.1,10.4,22.6,6.2,0.1,7.4,681.83,45.43,636.40
93,Jackson,GA,0.67,80.40,16.50,27057,21754,4469, 0.75 ,78.30,20.30,37670,29497,7642,34.13794553,-83.56814788,2473,42,1.60,63851,31539,32312,7.1,82.4,6.7,0.1,1.7,0,45830,57999,25598,12.5,32.3,15.8,25.1,10,16.8,6.8,0.5,6.5,6162.31,410.55,5751.77
94,Jasper,GA,0.15,72.40,25.70,6016,4353,1544, 0.15 ,76.20,23.00,7644,5822,1761,33.31535543,-83.68844964,249,4,0.15,13732,6688,7044,3.9,73.6,20.8,0.2,0.3,0,10198,42067,19784,19.4,24.3,14,18.9,20.5,22.4,8,0.1,7.2,1250.46,83.31,1167.15
95,Jeff Davis,GA,0.13,80.60,17.70,5089,4102,901, 0.12 ,81.40,17.80,5771,4695,1028,31.80405727,-82.6372487,811,23,0.88,14999,7403,7596,11.4,71.6,16.6,0,0,0,10510,37267,18550,20.6,26.4,15,23.6,17.3,17.6,4.3,0,5,944.06,62.90,881.16
96,Jefferson,GA,0.17,44.10,54.90,6934,3057,3809, 0.15 ,46.30,53.10,7642,3537,4061,33.05867328,-82.41609057,857,33,1.26,15954,7691,8263,3.7,41.7,54,0.1,0.1,0,11916,29640,17485,26.9,22.4,16.9,19.6,13,28.2,6,0,8.5,1250.13,83.29,1166.84
97,Jenkins,GA,0.08,62.40,36.50,3034,1892,1108, 0.07 ,62.50,36.60,3455,2161,1266,32.79248718,-81.96040187,472,32,1.22,8929,4273,4656,6.4,56.2,35.5,0.2,0.9,0,6546,27197,15149,30.7,25.5,26.9,15.6,11.3,20.8,5.5,0,6.3,565.19,37.65,527.54
98,Johnson,GA,0.09,68.40,30.90,3682,2519,1136, 0.08 ,69.50,29.80,4100,2850,1222,32.70211082,-82.66166794,440,23,0.88,9800,5476,4324,2.3,62.6,33.8,0,0.2,0,7799,36423,19706,21.5,23.1,17,19.3,13.4,27.2,8,0.3,11.4,670.71,44.68,626.02
99,Jones,GA,0.31,66.30,31.60,12524,8304,3960, 0.30 ,66.60,32.70,14966,9965,4888,33.02512137,-83.56019163,657,17,0.65,28540,13864,14676,1.5,71.9,24.7,0.2,0.7,0,21631,55110,26098,14.2,33.8,12.4,27.5,11.8,14.4,5.9,0,8.7,2448.24,163.11,2285.13
100,Lamar,GA,0.19,68.40,29.90,7575,5183,2267, 0.18 ,70.00,28.90,9039,6330,2615,33.07841647,-84.14263877,432,20,0.76,18282,8800,9482,2.3,65,29,0.1,0.8,0,14220,41157,20458,20.8,31.2,18.5,23.1,8,19.2,7.7,0.1,11.4,1478.66,98.51,1380.15
101,Lanier,GA,0.07,69.30,28.10,2861,1984,805, 0.07 ,70.20,28.50,3576,2509,1019,31.0382857,-83.06472457,320,7,0.27,10388,5208,5180,5.5,68.7,24.1,0,0.3,0,7647,31109,17739,28.7,29.2,16.3,31.6,11.2,11.7,9.5,0,10.6,584.99,38.97,546.01
102,Laurens,GA,0.48,63.80,34.60,19448,12401,6737, 0.46 ,63.80,35.50,22729,14493,8073,32.46325233,-82.92221316,2038,89,3.40,47451,22542,24909,2.6,58.2,36.7,0.1,1.1,0,35178,35202,20687,27.3,31.2,19.1,22.8,9.9,17.1,5.8,0.2,5.1,3718.16,247.71,3470.45
103,Lee,GA,0.35,75.40,22.40,14106,10641,3166, 0.33 ,71.80,27.30,16714,12007,4558,31.7793306,-84.14324253,756,30,1.15,29216,14524,14692,2.7,72.8,19.5,0,2.5,0.1,21090,65018,28061,11.6,39.9,11.6,25,11.3,12.2,5.6,0.3,7.1,2734.19,182.16,2552.03
104,Liberty,GA,0.40,38.10,59.30,16082,6125,9531, 0.43 ,37.30,61.20,21326,7944,13051,31.82588896,-81.49251135,1289,25,0.95,62120,31466,30654,12.5,40.3,40,0.4,2.1,0.5,43087,43493,20966,16.6,27.9,23,24.5,9.5,15.1,4.1,0.3,11.9,3488.65,232.42,3256.23
105,Lincoln,GA,0.10,67.30,31.00,4100,2759,1271, 0.09 ,68.40,30.90,4650,3179,1435,33.79201475,-82.45024131,241,7,0.27,7768,3651,4117,1.5,65.4,32.2,0.1,0.2,0,6225,37711,24529,23,20.5,19.3,22.3,18.5,19.4,6.7,0.1,6,760.68,50.68,710.00
106,Long,GA,0.10,63.80,33.00,4109,2623,1356, 0.11 ,62.40,35.90,5656,3528,2033,31.75218791,-81.74952375,279,4,0.15,17857,8746,9111,11.4,58.5,23.9,0.2,0.9,0.2,11891,53083,20321,20,29,18.6,21.3,13.1,18.1,7.5,0,17.2,925.25,61.64,863.60
107,Lowndes,GA,0.91,57.90,39.70,36813,21308,14614, 0.93 ,55.40,43.40,46355,25691,20117,30.83568832,-83.27056716,4535,87,3.32,113941,55796,58145,5.4,54.5,36.1,0.2,1.9,0,83763,39911,21199,25,30.9,20,28.4,8.8,11.8,4.1,0.2,9.2,7583.07,505.20,7077.87
108,Lumpkin,GA,0.31,78.00,18.00,12324,9613,2216, 0.31 ,78.30,20.10,15531,12163,3126,34.57286511,-84.00425681,1064,15,0.57,31567,15502,16065,4.7,90.8,2.1,0.7,0.4,0,25045,43039,23364,20.1,28.8,20.8,24.1,11,15.3,7.7,0.5,6,2540.67,169.26,2371.40
109,Macon,GA,0.11,35.90,63.10,4287,1540,2705, 0.09 ,38.20,61.30,4662,1783,2857,32.35207048,-84.04234127,255,10,0.38,13675,7563,6112,4.2,32.6,59.3,0.4,1.6,0,10837,30851,15919,28.6,19.6,20.6,19.1,11.1,29.6,8,0.2,16.8,762.64,50.81,711.83
110,Madison,GA,0.30,77.00,20.30,11945,9195,2423, 0.30 ,75.80,22.80,14937,11326,3411,34.12920917,-83.21218732,815,11,0.42,28600,14345,14255,4.9,82.9,8.6,0.3,1.4,0,21380,47653,22885,17.6,29.7,15.1,22,13.8,19.3,8.2,0.2,8,2443.50,162.79,2280.70
111,Marion,GA,0.08,60.40,38.10,3183,1921,1213, 0.07 ,62.80,36.20,3624,2275,1311,32.3483402,-84.52733571,205,9,0.34,8558,4207,4351,1.7,59.2,35.7,0,0.7,0.5,6543,39015,20154,23.1,28.5,13.5,20.9,18.5,18.6,7.7,0,10,592.84,39.50,553.34
112,McDuffie,GA,0.23,58.60,39.90,9268,5432,3699, 0.21 ,59.00,39.90,10455,6169,4168,33.47851918,-82.48252774,703,16,0.61,21488,10028,11460,2.9,54.2,40.3,0,0.5,0.8,15663,40469,20436,26,29,17.7,21.2,11,21,3.4,0.2,8.1,1710.30,113.94,1596.36
113,McIntosh,GA,0.15,59.10,39.00,5893,3482,2298, 0.13 ,60.00,39.00,6696,4016,2612,31.49683595,-81.40163426,316,8,0.31,14061,6896,7165,1.5,61.7,35.1,0.1,0,0.1,11486,43285,25226,20.3,23,17.9,27,13.2,18.9,5.8,0,9.2,1095.38,72.98,1022.40
114,Meriwether,GA,0.23,56.80,41.40,9181,5216,3800, 0.22 ,60.00,39.40,10877,6524,4287,33.04163534,-84.68859732,599,16,0.61,21152,10134,11018,2.1,56.3,38.4,0.2,0.6,0,16365,36368,19679,22.7,23.7,16,19.8,16.5,24,7.6,0.5,8.1,1779.33,118.54,1660.79
115,Miller,GA,0.06,74.30,24.50,2540,1888,622, 0.06 ,72.90,26.40,2835,2066,749,31.16568912,-84.73151117,316,2,0.08,5884,2885,2999,0.4,68.4,30.3,0.8,0,0,4518,37255,21002,23.3,28.8,23.2,20.6,14.1,13.2,10.9,0,5.7,463.77,30.90,432.87
116,Mitchell,GA,0.19,54.40,44.40,7857,4272,3492, 0.18 ,55.10,44.60,8963,4935,3995,31.22483255,-84.19381821,850,46,1.76,22574,11748,10826,4.4,46.3,47.5,0.1,0.3,0.1,16796,34122,16088,27.1,27.2,19.3,21.5,10.4,21.6,7.1,0.2,15.2,1466.23,97.68,1368.55
117,Monroe,GA,0.31,69.60,28.20,12675,8821,3570, 0.31 ,70.90,28.10,15592,11060,4384,33.014289,-83.92097166,774,55,2.10,26795,13475,13320,2.4,72.1,23.6,0.1,0.8,0,20853,50666,30359,13.3,36.8,15.8,24.1,10.2,13,6.2,0.2,9.4,2550.65,169.93,2380.72
118,Montgomery,GA,0.09,74.90,23.80,3560,2668,847, 0.08 ,74.60,24.70,3966,2960,979,32.17201038,-82.53527476,377,10,0.38,8962,4593,4369,6.5,64.5,26,0.2,0.3,0,6655,40308,20114,19.5,29.1,19.9,19.7,14.9,16.4,5.7,0,6.6,648.79,43.22,605.56
119,Morgan,GA,0.23,69.50,28.20,9435,6559,2658, 0.23 ,70.30,28.70,11707,8230,3355,33.59232073,-83.49129491,540,6,0.23,18013,8558,9455,3.1,71.6,23.5,0.1,0.1,0,13731,59572,28830,13.4,31.1,15.6,22.1,12.8,18.5,6.7,0,5.7,1915.11,127.59,1787.52
120,Murray,GA,0.31,83.20,14.50,12422,10340,1799, 0.31 ,84.10,15.00,15389,12943,2302,34.78897608,-84.74993177,1105,10,0.38,39444,19397,20047,14.3,83.3,1,0.1,0.4,0,27426,41617,19084,18,17,14.6,23.6,13.2,31.7,3,0.2,7.4,2517.44,167.72,2349.72
121,Muscogee,GA,1.70,39.40,58.00,68320,26901,39602, 1.61 ,37.30,61.50,80543,30049,49529,32.50931999,-84.87142262,6419,175,6.68,198647,97309,101338,7.5,41.1,45,0.3,2.4,0.2,144186,43239,24604,21.7,33.3,19.9,26.7,7,13,4,0.1,10,13175.77,877.80,12297.97
122,Newton,GA,1.09,47.70,50.10,43787,20907,21936, 1.09 ,44.00,54.90,54239,23869,29794,33.55514538,-83.8454714,2925,96,3.66,105042,49940,55102,5.1,48.7,42.6,0.2,1,0.1,74150,52784,23611,16.7,28.9,17.6,25.2,10.3,18.1,4.8,0.3,9,8872.78,591.12,8281.66
123,Oconee,GA,0.47,67.70,27.60,19030,12885,5253, 0.50 ,65.90,32.40,25168,16595,8162,33.83749973,-83.43679568,877,31,1.18,35972,17661,18311,4.8,84.9,5.4,0.1,4.1,0,25358,77388,38639,6.9,53.5,12.6,20.1,5.2,8.6,6,0.3,4.4,4117.15,274.29,3842.86
124,Oglethorpe,GA,0.17,69.50,27.50,6650,4622,1829, 0.16 ,68.80,30.00,8131,5593,2436,33.8786296,-83.08278123,432,13,0.50,14654,7362,7292,4.1,75.9,18,0.1,0.3,0,11190,43938,21858,17.6,30.4,13.6,19.3,13.7,23,5.5,0,5.8,1330.12,88.62,1241.51
125,Paulding,GA,1.60,69.10,27.90,64601,44646,18004, 1.71 ,63.90,34.80,85385,54525,29704,33.91969522,-84.86848792,3251,61,2.33,152399,74560,77839,5.8,73,17.9,0.2,0.9,0,107261,63669,26636,9.7,34.6,14.4,28.3,11.1,11.7,5.3,0.1,5.2,13967.86,930.57,13037.29
126,Peach,GA,0.27,50.50,47.50,10699,5405,5083, 0.25 ,51.80,47.20,12545,6502,5920,32.56934316,-83.82937,805,26,0.99,27027,12992,14035,7.5,46,44.4,0.1,1.1,0.1,20338,43645,22388,18.7,29,17.9,23,17.7,12.5,2.9,0,8.6,2052.20,136.72,1915.47
127,Pickens,GA,0.35,83.30,14.10,13982,11651,1977, 0.34 ,82.20,16.40,17116,14075,2808,34.46589159,-84.46406611,820,10,0.38,30343,15046,15297,3,93.6,0.5,0,0.5,0,23726,61542,29460,9.8,31,15.5,25.7,14.9,12.8,7.5,0.1,7,2799.95,186.54,2613.41
128,Pierce,GA,0.18,86.40,12.40,7297,6301,903, 0.18 ,87.30,12.20,9048,7899,1100,31.35928155,-82.21598442,688,24,0.92,19141,9640,9501,5.1,84.1,8.9,0.4,0.1,0,14044,39863,23754,21,30.9,16.9,17.7,16,18.4,5.7,0.3,6.2,1480.13,98.61,1381.52
129,Pike,GA,0.22,83.80,14.30,8675,7273,1239, 0.21 ,85.10,14.00,10720,9127,1505,33.09310242,-84.38790389,395,11,0.42,17919,8817,9102,1.5,86.7,10.3,0,0.2,0,13421,52377,25176,12.3,33.2,14.1,22.6,14,16,5.6,0.1,9,1753.65,116.83,1636.82
130,Polk,GA,0.35,77.70,20.20,14158,11006,2863, 0.35 ,78.10,21.00,17399,13589,3658,34.00267074,-85.18677781,1751,29,1.11,41444,20231,21213,13,72,12.7,0,0.7,0,28787,40652,22314,19,20.9,15.4,22.8,14.6,26.2,6,0.1,7.2,2846.25,189.62,2656.62
131,Pulaski,GA,0.09,67.70,30.70,3598,2436,1104, 0.08 ,69.10,30.00,4059,2805,1217,32.23334561,-83.4754996,343,23,0.88,11396,4942,6454,3.6,60,34.7,0.2,0,0,9421,38750,18623,21.8,28,22,22.6,13.4,13.9,5.3,0,6.7,664.00,44.24,619.76
132,Putnam,GA,0.23,69.10,29.10,9431,6516,2745, 0.24 ,69.90,29.10,11855,8291,3448,33.32056115,-83.37552891,821,27,1.03,21430,10410,11020,6.6,65.4,26.1,0,0.5,0,16386,48340,27498,16.2,25.6,23,21.9,10.2,19.4,7.4,0,6.5,1939.32,129.20,1810.12
133,Quitman,GA,0.03,55.10,44.20,1044,575,461, 0.02 ,54.60,44.90,1106,604,497,31.86728114,-85.01773177,41,1,0.04,2140,1024,1116,0.6,41.9,50.7,0,5,0.2,1707,26750,18921,22.8,13.7,18.7,28.9,3.3,35.4,10,0,12.1,180.93,12.05,168.87
134,Rabun,GA,0.20,79.10,18.20,7949,6287,1443, 0.19 ,78.10,20.70,9568,7474,1984,34.88389445,-83.40304637,437,11,0.42,16354,8126,8228,8.1,87.1,1.9,0.5,0.8,0,12891,39297,26942,20.3,33.4,19.3,20.9,16.5,9.8,11.2,0,5.7,1565.20,104.28,1460.92
135,Randolph,GA,0.07,43.90,55.20,2895,1270,1597, 0.06 ,45.30,54.40,3074,1391,1671,31.76622818,-84.75732369,340,30,1.15,7206,3574,3632,1.7,36.2,59.7,0,1.4,0,5523,30640,19781,35.1,27.7,19.7,20.2,9.5,22.9,5.2,0,8.9,502.87,33.50,469.36
136,Richmond,GA,1.86,32.60,65.00,74952,24441,48707, 1.74 ,30.80,67.90,87016,26781,59124,33.35777107,-82.07026432,8160,185,7.06,201568,97435,104133,4.8,35.5,55.2,0.2,1.8,0.2,150995,39430,21464,24.2,29.9,22.5,26,9,12.6,3.1,0.1,11.6,14234.67,948.35,13286.32
137,Rockdale,GA,0.93,35.80,61.70,37589,13463,23206, 0.90 ,29.10,69.90,44686,13012,31244,33.65145002,-84.02202167,2175,41,1.56,88482,41755,46727,10.2,34.6,51,0.1,2,0.2,62080,54175,24254,16.3,34.1,17.3,24.3,8.7,15.5,5.2,0.2,8.7,7310.04,487.01,6823.03
138,Schley,GA,0.05,77.10,21.00,1909,1472,401, 0.05 ,79.10,20.30,2275,1800,462,32.2654021,-84.31258912,109,2,0.08,5168,2496,2672,5,67.2,27.5,0,0,0,3790,41267,19761,22.2,31.2,16.3,21.5,13.5,17.5,3.7,0,14.2,372.16,24.79,347.37
139,Screven,GA,0.14,58.00,40.40,5699,3305,2300, 0.13 ,59.10,40.10,6628,3916,2661,32.74976524,-81.60779441,454,11,0.42,14037,6896,7141,1.8,54.5,41.7,0.3,0.5,0,10870,36556,20255,22.6,27.8,16,22.6,11.6,22,6.1,0.2,5.5,1084.25,72.24,1012.02
140,Seminole,GA,0.09,65.50,33.20,3577,2343,1186, 0.08 ,67.20,32.30,3884,2611,1254,30.93464824,-84.86823924,396,11,0.42,8549,4003,4546,3,61.6,33.7,0,1,0,6601,33999,21257,25.5,34.1,21.9,18.7,7.2,18.2,8.5,0.2,7.3,635.37,42.33,593.04
141,Spalding,GA,0.64,60.30,36.00,25940,15636,9347, 0.60 ,60.00,39.10,30116,18057,11784,33.26310031,-84.28013991,1631,63,2.40,64192,31075,33117,4.3,59.4,33.3,0.4,0.9,0,47623,42398,21675,21.6,27.9,17.2,25.6,10.5,18.8,3.6,0.4,8.3,4926.58,328.22,4598.36
142,Stephens,GA,0.24,78.70,18.80,9760,7682,1835, 0.24 ,78.80,20.10,11885,9368,2385,34.55151201,-83.29405315,1293,42,1.60,25625,11930,13695,3.2,82.8,11.7,0.3,0.4,0,19445,39756,21657,18.1,28.4,20.4,20.9,9.8,20.4,5.5,0,11.7,1944.23,129.53,1814.70
143,Stewart,GA,0.05,39.20,59.40,2053,805,1220, 0.04 ,40.30,59.40,1990,801,1182,32.07996777,-84.83208037,571,16,0.61,5832,3618,2214,20.3,25.8,50.3,0.2,2.2,0,3239,22413,14954,41.5,31.6,18,22.6,6.9,20.9,1.1,0,11.8,325.54,21.69,303.85
144,Sumter,GA,0.27,48.10,50.30,10973,5275,5520, 0.24 ,47.20,52.00,12150,5732,6318,32.03650571,-84.19821492,967,68,2.60,30687,14492,16195,5.3,39.8,52.3,0.1,1.1,0,22763,34219,18785,33.4,31.2,17.8,20.6,9,21.4,5.7,0,10.6,1987.58,132.42,1855.16
145,Talbot,GA,0.08,36.90,61.70,3243,1196,2001, 0.07 ,39.50,60.00,3522,1392,2114,32.69642758,-84.53351366,180,8,0.31,6423,3030,3393,2.3,40.2,56.4,0.1,0.5,0,5273,37226,21351,16.9,17.3,23.1,19.8,12.4,27.3,3.9,0.6,8.2,576.15,38.38,537.77
146,Taliaferro,GA,0.02,38.90,60.80,897,349,545, 0.02 ,38.80,60.50,928,360,561,33.56543317,-82.88136816,31,0,0.00,1844,938,906,4.2,33.7,61.6,0,0.3,0,1532,30500,17939,31,19.5,21.5,17.1,18.2,23.8,5.7,0,9.5,151.81,10.11,141.69
147,Tattnall,GA,0.17,74.00,24.40,6879,5092,1678, 0.16 ,74.00,25.20,8183,6053,2061,32.04785085,-82.05539188,955,16,0.61,25402,14892,10510,10.8,58.4,29.2,0.2,0.2,0,19266,36355,16279,23.7,29.6,19.5,21,18.7,11.3,7.8,0.1,4,1338.63,89.18,1249.45
148,Taylor,GA,0.08,60.60,38.10,3402,2062,1295, 0.08 ,63.00,36.10,3839,2418,1387,32.55792548,-84.25077141,237,12,0.46,8267,4047,4220,1,57.5,40.4,0,0.9,0,6478,29875,18482,28.2,28.2,20.9,20.4,13,17.5,6,0,14.1,628.01,41.84,586.17
149,Telfair,GA,0.09,64.50,34.60,3794,2449,1313, 0.09 ,65.20,34.30,4333,2825,1487,31.92829517,-82.93491155,495,24,0.92,16339,9532,6807,11.6,49.1,38.8,0,0,0,11475,28044,13594,27.7,24.5,19.2,18,12.1,26.2,6,0,4.1,708.82,47.22,661.60
150,Terrell,GA,0.10,44.80,54.20,4179,1872,2267, 0.09 ,45.40,53.80,4416,2004,2376,31.77527543,-84.44069698,341,32,1.22,8978,4229,4749,2.7,35.5,60.6,0,0.2,0,6774,32219,17562,35.3,21.5,17.6,26.2,13,21.7,9.3,0,10.4,722.40,48.13,674.27
151,Thomas,GA,0.46,59.90,38.10,18730,11225,7138, 0.44 ,59.30,39.80,21853,12954,8708,30.86392347,-83.91847289,1625,71,2.71,44909,21200,23709,3.5,57.7,35.8,0.1,0.8,0,33339,41336,24047,19.5,35.2,18.6,24.4,8.6,13.3,4.7,0.1,9.3,3574.86,238.17,3336.70
152,Tift,GA,0.32,67.80,30.40,12796,8680,3892, 0.33 ,66.20,32.70,16283,10784,5322,31.45743864,-83.5236119,1984,65,2.48,40531,19502,21029,11.4,56.3,29.3,0.1,1.2,0,28661,38728,20800,27.8,31.6,16.4,23.7,13.7,14.6,4.4,0.3,3.9,2663.68,177.46,2486.22
153,Toombs,GA,0.23,72.60,25.70,9108,6612,2338, 0.22 ,72.10,26.90,10914,7872,2939,32.12059861,-82.32957247,1523,57,2.18,27160,12706,14454,11.6,60.5,25.4,0,0.9,0,18462,35750,21309,24.4,26.3,18.2,22.7,17.1,15.6,6.6,0,10.3,1785.39,118.95,1666.44
154,Towns,GA,0.17,79.90,17.90,6726,5377,1206, 0.16 ,80.00,19.40,7979,6384,1550,34.91369188,-83.7410746,455,13,0.50,11173,5272,5901,1.5,95,1,0.3,0.2,0,9532,41182,22301,14.7,30.3,24.8,26.5,9.2,9.2,9.7,0.2,6.8,1305.26,86.96,1218.30
155,Treutlen,GA,0.07,67.00,31.90,2700,1808,860, 0.06 ,68.30,30.90,3077,2101,952,32.40422134,-82.56904553,315,12,0.46,6752,3394,3358,2.1,68,29.6,0,0,0,5184,39375,20775,21,23.2,24.1,16.4,14.3,22,6.5,0,5.6,503.36,33.53,469.82
156,Troup,GA,0.64,60.60,37.20,25793,15643,9597, 0.60 ,60.40,38.50,30059,18146,11585,33.03349196,-85.02812115,3069,109,4.16,69433,33345,36088,3.7,57.3,35.1,0,1.9,0,50332,43597,22091,21.3,28.6,16,21.3,8.7,25.4,4.3,0.1,8.9,4917.26,327.60,4589.66
157,Turner,GA,0.08,61.80,36.70,3390,2094,1243, 0.08 ,61.90,37.20,3792,2349,1410,31.71612656,-83.62069378,339,24,0.92,8036,3937,4099,4.6,54.7,39.5,0.2,0.4,0,5894,42622,20302,27.9,28.4,17.8,21.1,19.6,13,4,0,6.5,620.32,41.33,578.99
158,Twiggs,GA,0.10,50.20,48.60,4053,2034,1970, 0.09 ,53.30,46.00,4444,2370,2044,32.67435595,-83.43078662,224,10,0.38,8323,4101,4222,0.4,54.9,42.6,0,0.1,0,6658,30629,17485,27.3,20.5,19.1,21.8,18.6,20,6.8,0,6.3,726.98,48.43,678.55
159,Union,GA,0.30,81.80,16.30,12039,9849,1962, 0.31 ,81.10,18.00,15592,12651,2801,34.82995757,-83.98967069,912,26,0.99,22262,10855,11407,3.1,94.2,0.8,0.4,0.7,0,18352,42767,26755,12.8,31.5,18.4,23.2,17.4,9.6,9.5,0,5.5,2550.65,169.93,2380.72
160,Upson,GA,0.27,66.70,31.80,10924,7288,3471, 0.26 ,66.70,32.60,12905,8608,4201,32.87920671,-84.30024826,843,70,2.67,26241,12568,13673,2.3,67.6,28.5,0.3,0.5,0.1,20015,35375,19624,22.7,29.1,17.4,23.3,10.4,19.9,5,0,11.2,2111.09,140.65,1970.44
161,Walker,GA,0.59,79.10,17.60,23939,18938,4213, 0.59 ,78.70,19.60,29436,23174,5769,34.73376362,-85.30165174,1952,46,1.76,68609,33911,34698,2,91.4,4.3,0.1,0.6,0,52835,43581,22564,17.2,27.9,13.9,24.5,11.5,22.1,5.7,0.1,7,4815.34,320.81,4494.53
162,Walton,GA,1.00,76.90,20.50,40425,31093,8279, 1.02 ,74.00,24.90,50812,37617,12634,33.78017694,-83.73552314,2394,70,2.67,88695,43120,45575,4,75.9,16.5,0.2,1.2,0.1,64874,55876,25184,12.8,28.5,15.3,27.8,14.4,14.1,5.9,0.2,6.9,8312.17,553.78,7758.40
163,Ware,GA,0.30,70.00,28.30,12150,8508,3436, 0.29 ,69.50,29.70,14296,9930,4249,31.05449097,-82.42224148,1765,65,2.48,35688,17900,17788,4,63.8,29.5,0.4,1.1,0,26673,36962,19246,24.8,25.6,16.1,25.2,13.5,19.6,7,0,4.6,2338.64,155.81,2182.83
164,Warren,GA,0.06,42.50,56.30,2332,991,1313, 0.05 ,43.90,55.50,2681,1177,1488,33.41146451,-82.67795848,170,6,0.23,5410,2534,2876,0.6,37.2,60.6,0,1,0.3,4197,32860,20712,26.8,21.3,14.2,28,11.1,25.4,7.5,0,8.2,438.58,29.22,409.36
165,Washington,GA,0.21,49.10,49.70,8422,4138,4187, 0.19 ,49.30,50.00,9459,4663,4730,32.96711864,-82.79357039,792,13,0.50,20506,10343,10163,2.3,43.2,52.9,0,0.6,0,15650,38097,19238,27.1,28.2,19.7,23.7,10,18.5,6,0.4,9.3,1547.37,103.09,1444.28
166,Wayne,GA,0.26,78.50,19.70,10376,8147,2039, 0.26 ,78.20,21.00,12778,9987,2687,31.5521809,-81.91894878,1268,33,1.26,29833,15206,14627,6.2,71.2,19.5,0.1,0.5,0,21839,41534,19188,21.3,30.8,16,20.7,16.1,16.3,7.8,0.8,9.5,2090.31,139.26,1951.05
167,Webster,GA,0.03,56.60,42.30,1114,630,471, 0.03 ,53.80,46.00,1390,748,639,32.04066113,-84.54742852,44,2,0.08,2627,1329,1298,2.1,48.4,48.8,0.1,0,0,1994,36658,22206,19.5,29.7,15.3,21.9,12.6,20.4,2.9,0,4,227.39,15.15,212.24
168,Wheeler,GA,0.05,67.60,30.70,2102,1421,646, 0.05 ,69.30,30.20,2285,1583,689,32.12009104,-82.72574721,370,17,0.65,7952,5132,2820,1.6,56.1,41.7,0.3,0,0,6529,28490,11192,29.3,14.3,20.5,17.6,19.5,28.1,9,0,9.1,373.80,24.90,348.89
169,White,GA,0.29,82.80,14.20,11771,9751,1672, 0.30 ,82.50,16.30,14816,12222,2411,34.64624278,-83.74905525,1022,24,0.92,28509,13814,14695,3.1,92.5,2.1,0.1,0.5,0,22242,43944,23630,17.7,30.5,19.1,25.9,9.9,14.7,7.8,0.1,4.3,2423.70,161.47,2262.23
170,Whitfield,GA,0.75,70.90,26.10,30362,21514,7925, 0.74 ,69.80,29.00,36746,25636,10670,34.80987459,-84.96093476,5701,64,2.44,103963,51566,52397,34.2,59.5,3.9,0.1,1.4,0,62068,43871,22262,19.2,22.2,11.8,22.4,9,34.6,3.5,0.1,8,6011.16,400.48,5610.68
171,Wilcox,GA,0.07,70.50,28.70,2973,2096,852, 0.07 ,73.20,26.30,3281,2403,862,31.97496928,-83.43438555,259,25,0.95,8896,5248,3648,4.3,58.5,35.3,0.3,0,0,7025,35457,15119,21.8,28.7,23.8,16.5,16,15,10.1,0.1,7.6,536.73,35.76,500.97
172,Wilkes,GA,0.11,57.50,41.30,4470,2569,1844, 0.10 ,56.10,42.90,5029,2823,2159,33.78290391,-82.74286107,317,7,0.27,9905,4749,5156,4.6,51.1,42.5,0,0.8,0,7615,34234,21957,26.5,24.1,23.8,15.3,9.9,26.8,5.8,0,7.5,822.68,54.81,767.87
173,Wilkinson,GA,0.11,54.50,44.30,4276,2332,1893, 0.10 ,55.80,43.50,4770,2664,2075,32.80291082,-83.17140684,374,17,0.65,9147,4385,4762,2.7,56.8,38.2,0.1,0,0.1,6922,38711,19823,23.3,23.1,16.5,26.1,16.5,17.7,4.8,0,8.8,780.31,51.99,728.32
174,Worth,GA,0.21,74.30,24.40,8266,6144,2015, 0.19 ,73.60,25.80,9286,6831,2395,31.55162306,-83.85090513,612,35,1.34,20809,10171,10638,2,67.4,28.2,0.5,0.3,0,15850,40369,20783,21.5,27.1,16.5,23.2,15.3,17.8,7.3,0,9.7,1519.07,101.20,1417.86
175,Alcona,MI,8.81,68.00,28.00,6179,4201,1732, 7.80 ,68.60,30.30,7063,4848,2142,44.6846864,-83.59507875,55,3,0.11,10413,5247,5166,1.4,96,0.3,0.5,0.4,0,8984,39424,24463,14.9,23.5,20.9,22.9,13.2,19.6,7.5,0.2,9.3,,76.98,1078.44
176,Alger,MI,6.43,57.30,36.80,4513,2585,1663, 5.67 ,58.70,40.00,5135,3014,2053,46.41292944,-86.60260122,121,1,0.04,9254,5088,4166,1.4,84.2,7.2,3.3,0.1,0,7779,42647,21771,13,27.9,23.2,23.1,8.1,17.7,5.3,0,6.9,,55.96,784.05
177,Allegan,MI,78.64,61.30,32.50,55153,33812,17932, 74.22 ,61.60,36.40,67182,41381,24447,42.59147037,-85.89102866,1503,7,0.27,114145,56997,57148,7.2,88.7,1.3,0.5,0.6,0,84358,58487,27172,10.8,30.3,14.7,20.1,12.4,22.5,5.9,0.2,3.6,,732.18,10257.90
178,Alpena,MI,20.94,61.90,33.20,14688,9090,4877, 18.74 ,63.00,35.40,16966,10686,6000,45.03477666,-83.62212411,180,14,0.53,28730,14169,14561,1.3,96,0.5,0.4,0.4,0.1,23062,40954,24030,15,29.5,19.8,26.1,10,14.6,6.4,0.2,6.4,,184.90,2590.51
179,Antrim,MI,19.35,62.40,32.80,13572,8469,4448, 19.16 ,56.40,42.00,17347,9783,7289,44.99690221,-85.15503082,143,0,0.00,23133,11479,11654,2.1,95,0.3,0.8,0.3,0,18589,50988,29307,12.6,27.5,21.6,22.5,10.8,17.7,10.3,0.2,6.1,,189.06,2648.68
180,Arenac,MI,10.63,63.10,30.00,7457,4704,2238, 9.75 ,67.10,31.40,8830,5928,2773,44.0636262,-83.89277559,111,3,0.11,15238,7714,7524,2,94.9,0.5,1.3,0.4,0,12396,39947,22622,18.5,25.6,21.1,22,11.6,19.7,7,0.3,9.6,,96.23,1348.24
181,Baraga,MI,4.97,61.90,33.20,3486,2158,1156, 4.46 ,62.20,36.60,4036,2512,1478,46.6720582,-88.36363591,125,4,0.15,8580,5112,3468,1.5,73.1,15.8,4.7,0.5,0,6953,42757,18975,14.4,25.8,22.5,24.1,10.1,17.5,5.4,0.4,6,,43.99,616.25
182,Barry,MI,43.15,63.40,30.10,30265,19197,9109, 39.67 ,65.40,32.90,35914,23473,11804,42.59513984,-85.30834519,803,6,0.23,59607,29958,29649,2.7,94.6,0.4,0.2,0.5,0,45486,57312,27166,9.3,29,16.4,22.6,12.5,19.5,6.1,0.1,6.2,,391.41,5483.65
183,Bay,MI,75.47,53.50,40.90,52932,28327,21641, 67.37 ,54.70,43.70,60985,33347,26653,43.70639106,-83.98731479,1602,65,2.48,105350,51875,53475,5.2,90.4,1.5,0.2,0.6,0,82835,45983,25462,16.3,29.4,20.4,25,8.8,16.4,5.5,0.1,7.4,,664.65,9311.69
184,Benzie,MI,14.57,54.20,40.20,10221,5539,4108, 13.54 ,53.80,44.70,12259,6600,5480,44.63899297,-86.01608482,145,2,0.08,17462,8694,8768,2.4,93.9,0.3,1.4,0.4,0,14050,53185,26790,10,31,20.5,22.9,13.4,12.2,6.9,0.2,6.5,,133.60,1871.81
185,Berrien,MI,102.49,53.80,41.00,71882,38646,29496, 91.00 ,52.80,45.40,82378,43518,37438,41.95447397,-86.4131308,2985,86,3.28,154948,75835,79113,5.2,75.1,14.6,0.3,1.9,0,115590,47132,27505,17.2,34.2,18.5,22.3,9,16,5.9,0.2,7.3,,897.80,12578.15
186,Branch,MI,23.51,66.90,28.70,16490,11025,4740, 22.69 ,68.50,30.00,20541,14067,6161,41.91600556,-85.05929476,973,11,0.42,43543,22517,21026,4.5,90.9,2.3,0.3,0.5,0,32719,48192,22977,15.9,22.8,18.4,22.1,10.3,26.5,6.6,0.2,4.6,,223.87,3136.37
187,Calhoun,MI,83.82,53.60,41.10,58786,31489,24154, 72.43 ,54.80,43.30,65568,35900,28417,42.24633834,-85.00493569,3275,70,2.67,134327,65652,68675,5,78.3,10.6,0.6,2.1,0,100589,46213,24859,17.4,29,19.6,21.4,7.5,22.5,4.9,0.1,7.4,,714.59,10011.46
188,Cass,MI,33.18,61.20,31.20,23272,14241,7270, 28.97 ,63.60,34.80,26221,16686,9122,41.91522292,-85.99405727,1103,24,0.92,51397,25861,25536,3.7,86.4,4.8,1.1,0.8,0,40105,50699,28019,13.6,28.6,15,21,11.6,23.7,5.3,0.1,7.8,,285.77,4003.64
189,Charlevoix,MI,20.77,59.50,35.30,14567,8674,5137, 18.78 ,57.90,40.80,17000,9841,6939,45.37790017,-85.19614053,220,4,0.15,26160,12868,13292,1.8,94,0.4,1.2,0.4,0.1,20708,51567,31730,11.6,30.7,19.9,23.1,10.4,15.9,8.6,0.4,6.2,,185.27,2595.70
190,Cheboygan,MI,19.46,63.60,31.50,13647,8680,4302, 17.51 ,64.20,34.30,15849,10171,5435,45.44787015,-84.50122149,187,2,0.08,25475,12680,12795,1.3,92.2,0.8,2,0.4,0,20913,42876,24956,16.8,26.8,21.1,24.4,13.9,13.8,7.5,0.4,10.7,,172.73,2419.96
191,Chippewa,MI,22.01,59.10,34.80,15434,9120,5378, 19.53 ,60.40,37.60,17675,10682,6651,46.29552653,-84.54353449,187,0,0.00,38023,20948,17075,1.8,70.1,6.4,13.9,1,0.1,30374,44030,21958,17.1,29.1,27,23.5,7.6,12.7,7,0.6,9,,192.63,2698.77
192,Clare,MI,19.09,63.60,31.80,13385,8507,4250, 17.98 ,66.70,31.90,16280,10860,5200,43.98794227,-84.8481986,319,14,0.53,30597,15148,15449,1.9,95.1,0.5,0.5,0.3,0,24405,35913,21198,23.6,25.1,21.6,22.6,12.4,18.3,9.3,0.5,11.5,,177.43,2485.77
193,Clinton,MI,57.84,53.30,40.70,40564,21635,16490, 52.92 ,52.40,45.80,47902,25095,21963,42.94400871,-84.60145248,1297,16,0.61,77321,38231,39090,4.4,90.2,1.7,0.1,1.5,0,58317,64903,32792,10.1,40.4,15.7,22.7,8.7,12.4,5.8,0.2,4.3,,522.06,7314.07
194,Crawford,MI,9.74,63.70,30.90,6833,4354,2110, 8.47 ,64.60,34.10,7665,4955,2612,44.68255561,-84.61006219,157,5,0.19,13821,6953,6868,1.8,95,0.7,0.5,0.6,0.1,11151,42666,22891,16.4,26.1,22.9,22.5,11,17.4,7.1,0.5,10.4,,83.54,1170.36
195,Delta,MI,26.33,60.20,34.80,18467,11112,6431, 23.37 ,62.40,36.00,21154,13206,7605,45.9048491,-86.9080745,1397,38,1.45,36395,18084,18311,1.2,93.2,0.3,1.8,0.4,0,28843,44639,25582,14.4,28.1,18,23.6,10.9,19.4,5.2,0.4,6.5,,230.55,3229.97
196,Dickinson,MI,18.74,65.30,29.90,13140,8580,3923, 14.66 ,63.80,34.40,13268,8469,4569,46.00999672,-87.86961634,760,21,0.80,25694,12819,12875,1.4,95.6,0.6,0.8,0.6,0,20460,45681,25998,15.2,35.4,17.1,20.9,11.6,15.1,4.9,0.3,6,,144.60,2025.87
197,Eaton,MI,79.40,49.60,44.10,55686,27608,24534, 71.20 ,49.30,48.60,64451,31797,31297,42.59599185,-84.83740035,1304,11,0.42,108586,53065,55521,5.2,83.4,6.5,0.5,2.1,0,83282,59244,30064,10.9,34.2,16.5,24.9,8.2,16.2,4.6,0.1,5.8,,702.42,9840.91
198,Emmet,MI,26.77,56.50,37.10,18774,10616,6972, 24.50 ,54.70,43.60,22176,12135,9662,45.52625509,-84.89083249,332,4,0.15,32978,16359,16619,1.6,91.4,0.5,2.2,0.6,0.1,26034,51475,31356,10.7,35,22,23,10.3,9.8,8.6,0.2,6.1,,241.69,3386.02
199,Genesee,MI,279.66,42.90,52.40,196135,84174,102744, 246.31 ,44.50,53.90,222969,99199,120082,43.02244215,-83.70589709,7352,343,13.09,410881,198115,212766,3.3,72.5,19.8,0.4,1,0,312137,45231,25180,20,31.5,19.5,24.2,8.3,16.5,5,0.2,10.8,,2430.03,34044.75
200,Gladwin,MI,17.78,65.10,30.40,12472,8124,3794, 16.13 ,67.70,31.00,14603,9893,4524,43.98901072,-84.38774817,240,2,0.08,25324,12719,12605,1.5,96.2,0.4,0.5,0.5,0,20362,40871,23491,20.2,24.7,17.8,22.6,14.9,20,7.4,0.8,7.4,,159.15,2229.71
201,Gogebic,MI,10.43,55.00,40.00,7313,4019,2925, 9.15 ,55.60,43.20,8279,4600,3573,46.40862701,-89.69377193,462,11,0.42,15577,8445,7132,1.3,89.6,4.2,2.7,0.3,0.1,13085,36689,22297,20.4,27.3,25,16.6,12.1,19,5.2,0.2,6.7,,90.23,1264.11
202,Grand Traverse,MI,73.37,53.30,40.70,51460,27412,20964, 66.53 ,50.60,47.60,60226,30502,28682,44.69565625,-85.55585247,874,14,0.53,91222,44860,46362,2.7,92.6,1.1,0.9,0.6,0.1,71300,58229,31701,9.7,36.7,18.4,25.8,7.7,11.3,7.5,0.3,5.4,,656.37,9195.80
203,Gratiot,MI,23.44,60.10,34.50,16442,9878,5665, 21.15 ,63.20,35.00,19148,12102,6693,43.29265605,-84.60505416,594,17,0.65,41319,21937,19382,5.8,86.5,5.6,0.2,0.3,0,32704,42256,20597,20.5,29.9,20.8,20,9.8,19.5,6.8,0.1,7.4,,208.68,2923.68
204,Hillsdale,MI,28.35,70.90,24.10,19880,14094,4799, 25.73 ,73.20,25.30,23288,17037,5883,41.88753639,-84.59312019,579,29,1.11,45909,22902,23007,2.2,95.1,0.7,0.4,0.4,0,35460,46160,23831,17,27.9,16.5,19.5,10.1,26,7.1,0.2,6.1,,253.80,3555.80
205,Houghton,MI,22.28,54.20,38.50,15623,8475,6018, 20.48 ,56.00,41.80,18540,10380,7755,46.89988536,-88.68495385,986,9,0.34,36333,19713,16620,1.5,92.4,0.7,0.3,2.9,0,27830,41379,21462,21.4,39.4,22.1,20.5,9.2,8.8,5.1,0.3,6.8,,202.06,2830.84
206,Huron,MI,22.60,67.10,28.90,15848,10629,4579, 19.36 ,68.20,30.50,17523,11949,5349,43.83353985,-83.04078453,292,7,0.27,31750,15777,15973,2.3,95.5,0.4,0.3,0.6,0,25336,45191,26352,13.6,28.9,16.3,20.9,13.4,20.5,8.5,0.2,5.8,,190.97,2675.56
207,Ingham,MI,190.32,33.20,60.90,133478,44354,81266, 159.96 ,32.90,65.10,144797,47640,94221,42.59716886,-84.37472069,4928,69,2.63,286185,139183,147002,7.6,70.6,10.6,0.3,6,0,213651,49109,27399,20.9,40.8,19.2,22.8,5.3,11.8,4.7,0.2,8.1,,1578.07,22108.80
208,Ionia,MI,37.59,62.10,31.10,26364,16374,8206, 35.57 ,64.10,33.80,32201,20655,10899,42.94502238,-85.07413319,834,8,0.31,64147,34130,30017,4.7,88.3,4.7,0.2,0.4,0,48782,51980,22715,13.1,27,17.3,23.1,11.7,20.9,5.8,0.2,6.2,,350.94,4916.72
209,Iosco,MI,19.03,62.50,32.50,13349,8344,4344, 17.00 ,63.40,34.90,15386,9760,5371,44.35486835,-83.63484895,314,16,0.61,25317,12570,12747,2,94.3,0.7,0.8,0.6,0,20797,41414,24099,16.9,23.4,18.9,22.9,14.7,20,8.7,0.4,9.6,,167.68,2349.26
210,Iron,MI,8.43,62.20,33.90,5910,3675,2004, 7.51 ,62.00,36.70,6795,4216,2493,46.20974132,-88.53136251,475,26,0.99,11291,5576,5715,1.8,95,0.7,1.2,0.5,0,9356,36773,23658,14.2,23.3,23.5,23.5,15.7,14,7.7,0.4,5.7,,74.06,1037.52
211,Isabella,MI,36.14,48.70,45.00,25344,12338,11404, 32.49 ,50.40,47.80,29409,14815,14072,43.64060976,-84.84664923,1142,15,0.57,70572,34338,36234,3.8,85.8,2.5,2.5,1.6,0,56770,42771,22009,27.3,31,25.7,23.5,8,11.8,4.8,0.5,8.4,,320.51,4490.41
212,Jackson,MI,99.19,57.20,37.10,69567,39793,25795, 89.52 ,58.50,39.50,81032,47381,32004,42.24807035,-84.42258681,2004,70,2.67,158989,81200,77789,3.4,85,8.2,0.3,0.7,0,122523,49715,25952,15.2,30.5,18.6,24.4,8.4,18.1,5.4,0.2,7.6,,883.13,12372.64
213,Kalamazoo,MI,179.61,40.50,53.30,125966,51031,67142, 158.37 ,39.60,58.40,143363,56823,83674,42.24542231,-85.53038622,5237,114,4.35,259830,127247,132583,4.7,78,10.6,0.2,2.4,0,196596,51945,29258,16.7,39.3,19,22.6,6.1,13,5.8,0.2,6.6,,1562.44,21889.85
214,Kalkaska,MI,12.72,69.70,25.50,8920,6213,2279, 11.74 ,70.00,28.30,10627,7436,3003,44.68512729,-85.09085699,145,4,0.15,17358,8874,8484,1.8,94.7,0.7,0.6,0.4,0,13495,43431,22822,18.5,20.9,22.5,23.4,16.5,16.7,6.3,0.1,8.7,,115.82,1622.62
215,Kent,MI,436.70,48.30,45.20,306270,147959,138567, 396.83 ,46.00,52.00,359223,165318,186753,43.03197711,-85.54934642,15950,188,7.18,636376,313134,323242,10.3,74.4,9.3,0.3,2.8,0,450147,57302,29433,13.4,36.2,16,23.6,7.3,16.9,4.8,0.1,5.4,,3915.00,54849.14
216,Keweenaw,MI,2.04,57.00,36.90,1429,814,527, 1.72 ,55.40,43.20,1557,862,672,47.63197653,-88.41434263,23,0,0.00,2136,1099,1037,0.7,97.5,1.5,0.2,0.1,0,1770,41118,28700,14.5,33.6,32,16.2,6.7,11.4,3.2,0.4,5.5,,16.97,237.74
217,Lake,MI,7.60,59.30,36.40,5328,3159,1939, 6.99 ,62.30,36.10,6332,3946,2288,43.99050893,-85.802173,68,1,0.04,11669,5965,5704,2.6,84.8,7.6,0.7,0.2,0,9642,32309,18199,25,23,22.9,22.8,9.6,21.8,7.1,0.7,11.6,,69.01,966.82
218,Lapeer,MI,64.34,66.60,28.20,45126,30037,12734, 58.15 ,67.40,31.10,52639,35480,16368,43.09052506,-83.22153148,993,38,1.45,88205,44663,43542,4.6,92,1.3,0.3,0.5,0,68005,56186,26650,9.7,29.5,16.4,21.8,12.4,20,5.3,0.2,7.4,,573.69,8037.36
219,Leelanau,MI,21.04,49.10,45.90,14757,7239,6774, 18.70 ,46.80,51.90,16930,7915,8793,44.94430054,-85.80150326,163,2,0.08,21564,10681,10883,4.2,90.2,0.5,2.5,0.7,0,17569,62646,37061,7.7,35.9,18.3,23.8,12.4,9.5,11.4,0.8,6.3,,184.51,2585.01
220,Lenawee,MI,65.44,57.60,36.50,45895,26428,16750, 59.04 ,59.00,39.10,53448,31539,20916,41.89475156,-84.06603727,1223,20,0.76,98585,49929,48656,7.8,87,2.4,0.3,0.3,0.1,76189,51339,25649,13.7,28.4,18.5,23.4,9.8,19.8,5.4,0.1,5.9,,582.50,8160.88
221,Livingston,MI,150.54,62.20,32.60,105577,65665,34378, 140.47 ,60.50,37.90,127162,76980,48218,42.60302282,-83.91297209,2319,35,1.34,186946,93729,93217,2.3,94.6,0.6,0.2,0.9,0.1,142636,78430,36845,5.9,40,14.7,24.9,9.1,11.3,5.4,0.1,4.6,,1385.88,19416.15
222,Luce,MI,3.67,68.20,26.40,2576,1756,681, 3.43 ,68.00,27.20,3101,2109,842,46.47227431,-85.54471223,78,1,0.04,6406,3753,2653,3.2,78.2,6.4,6.3,0.2,0,5276,41221,19442,19.4,29.5,25.9,23.4,8.4,12.9,3.4,0.3,11.8,,33.80,473.49
223,Mackinac,MI,8.68,61.40,34.20,6088,3740,2085, 7.75 ,61.40,37.50,7015,4304,2632,46.07028979,-85.04980537,171,0,0.00,10836,5474,5362,1.6,73.8,2.3,16.9,0.6,0,8849,42559,26967,15.4,24.6,25.7,23.9,12,13.8,9,0,10.5,,76.45,1071.11
224,Macomb,MI,597.11,53.60,42.10,418773,224589,176238, 548.50 ,53.30,45.40,496523,264535,225561,42.69158356,-82.92752801,19730,1098,41.91,864019,420439,443580,2.5,80.2,10.9,0.2,3.7,0,645252,58175,29740,11.8,34.4,17.6,24.5,7.4,16.1,3.8,0.2,6.6,,5411.37,75813.24
225,Manistee,MI,17.96,54.90,39.50,12598,6915,4979, 16.19 ,56.80,41.70,14654,8321,6107,44.33352407,-86.05626916,154,3,0.11,24432,12697,11735,2.9,89.4,2.8,1.6,0.4,0,19930,44882,24398,14.7,29.4,24.6,22.5,9.8,13.8,7.4,0.5,8,,159.71,2237.49
226,Marquette,MI,46.91,44.50,48.80,32897,14646,16042, 41.38 ,43.50,54.60,37460,16288,20465,46.4338914,-87.64043701,1245,16,0.61,67145,33898,33247,1.4,92.4,1.6,0.8,0.9,0,54460,48491,25550,16.4,32.5,22.9,23.4,11.3,9.9,4.5,0.1,6.3,,408.26,5719.70
227,Mason,MI,20.90,58.00,36.00,14658,8505,5281, 19.05 ,59.20,39.40,17249,10207,6802,43.99509218,-86.24988902,280,2,0.08,28800,14284,14516,4.5,91.7,0.9,0.8,0.5,0,22610,45524,26251,16,30.1,20.2,23.7,9.3,16.6,6.5,0.8,7.6,,187.99,2633.72
228,Mecosta,MI,24.45,60.10,34.00,17149,10305,5827, 23.28 ,62.90,35.00,21077,13265,7373,43.64064262,-85.32463223,615,4,0.15,43181,21802,21379,2.1,91.5,2.5,0.4,0.7,0,34651,43470,21978,22.5,28.1,22.7,21.1,8.3,19.9,6.1,0.3,8.7,,229.71,3218.21
229,Menominee,MI,15.35,62.30,32.90,10765,6704,3539, 13.94 ,64.30,34.20,12622,8120,4314,45.58038692,-87.55370409,776,6,0.23,23389,11834,11555,1.7,93.3,0.3,2.3,0.4,0,18849,44480,26151,13.5,24.8,18.5,21.6,10.5,24.7,5.8,0.2,5.9,,137.56,1927.23
230,Midland,MI,60.43,56.30,36.90,42379,23877,15655, 54.32 ,56.30,41.70,49175,27675,20493,43.64330771,-84.38804374,1179,14,0.53,83489,40954,42535,2.6,91.7,1.4,0.4,2.2,0.1,63543,57117,33013,11.3,39.9,17,21.7,8.8,12.6,5.6,0.2,7,,535.93,7508.45
231,Missaukee,MI,10.41,73.80,21.40,7301,5386,1565, 9.67 ,75.90,22.50,8755,6648,1967,44.33772443,-85.09256478,104,1,0.04,14982,7634,7348,2.7,94.4,0.4,0.6,0.2,0,11397,42370,21805,15.9,24.7,16.8,20.1,17.3,21.1,9.5,0.3,7,,95.42,1336.79
232,Monroe,MI,105.66,58.40,36.20,74101,43255,26859, 96.27 ,60.50,37.80,87148,52710,32975,41.92734151,-83.53749864,2206,42,1.60,149619,73905,75714,3.5,91.5,2.3,0.3,0.6,0,115179,59479,29245,11.2,30.3,17.4,21.2,10.3,20.7,3.9,0.1,5.9,,949.78,13306.48
233,Montcalm,MI,37.87,63.70,29.70,26556,16907,7874, 35.45 ,68.00,30.20,32086,21815,9703,43.31082541,-85.15252824,790,12,0.46,62956,32441,30515,3.4,92,2,0.5,0.5,0.1,48157,44651,21509,17.5,24.5,16.2,23.2,12.9,23.2,6.5,0.3,7,,349.69,4899.16
234,Montmorency,MI,7.14,69.80,25.70,5008,3498,1286, 6.48 ,71.10,27.80,5863,4171,1628,45.0275929,-84.12696227,37,0,0.00,9290,4711,4579,1.3,96.2,0.2,0.8,0,0,7864,39152,23155,15.1,23.9,21.8,23.3,11.2,19.8,9.4,0.3,12.7,,63.90,895.21
235,Muskegon,MI,109.95,46.60,47.50,77114,35962,36640, 101.30 ,48.60,49.60,91701,44544,45508,43.29123859,-86.15176712,2558,84,3.21,172707,85918,86789,5.4,76.5,13.5,0.5,0.5,0,130661,46077,22829,18.5,28,19.7,21.6,8.4,22.3,4.8,0.1,8.9,,999.41,14001.67
236,Newaygo,MI,32.23,67.10,27.50,22605,15174,6212, 30.01 ,69.40,29.00,27164,18864,7874,43.554374,-85.80070107,712,4,0.15,47899,24036,23863,5.8,90.7,1.3,0.6,0.3,0,36306,45645,22735,17.8,25.8,17,21.1,14.5,21.6,6.9,0.3,7.7,,296.05,4147.62
237,Oakland,MI,945.71,43.60,51.70,663255,289127,342976, 852.57 ,42.20,56.20,771769,325916,433982,42.66090111,-83.38595416,26579,1241,47.37,1241860,605231,636629,3.9,72.9,13.6,0.2,6.8,0,907645,73369,40941,9,48.9,13.9,22.8,5.1,9.2,4.8,0.2,5.3,,8411.14,117840.08
238,Oceana,MI,16.97,60.70,33.40,11903,7228,3973, 15.55 ,63.20,35.10,14080,8892,4944,43.64124435,-86.26726673,676,6,0.23,26317,13323,12994,14.5,82.2,1.2,0.8,0.2,0,19131,44382,22185,17.5,26.1,17.7,17.3,15.4,23.5,7.6,0.1,7.7,,153.45,2149.85
239,Ogemaw,MI,14.81,65.70,29.20,10386,6827,3030, 13.15 ,69.30,29.20,11907,8253,3475,44.33481032,-84.12725175,135,5,0.19,20979,10518,10461,2,95,0.3,1.2,0.6,0,16917,38149,22028,18.7,26.1,18.1,27.1,13.1,15.7,6.9,0.1,10,,129.77,1818.06
240,Ontonagon,MI,4.88,60.50,34.40,3420,2069,1175, 4.21 ,61.90,36.50,3810,2358,1391,46.6652262,-89.31390481,127,1,0.04,6072,3104,2968,1.4,95.2,0.3,1,0.1,0.1,5284,36073,22958,15.5,26.3,25.1,20,14.8,13.8,8.9,0.4,10,,41.52,581.74
241,Osceola,MI,15.11,69.20,25.50,10597,7336,2705, 13.63 ,72.40,26.00,12340,8928,3214,43.98992088,-85.32566756,201,1,0.04,23221,11725,11496,1.7,94.9,1,0.8,0.3,0,17762,41099,21090,20.7,23.7,17.7,19.3,12.8,26.5,8.4,0.4,7.2,,134.49,1884.17
242,Oscoda,MI,5.79,70.00,25.70,4062,2843,1044, 5.38 ,71.10,27.50,4874,3466,1342,44.68192279,-84.12939244,60,2,0.08,8304,4266,4038,1.4,95.7,0.6,0.5,0.1,0.1,6683,36833,22343,18.1,21.5,18.4,23.3,13.7,23.2,11.3,0.4,11.9,,53.12,744.20
243,Otsego,MI,17.86,66.00,28.40,12529,8266,3556, 16.30 ,66.30,32.10,14756,9779,4743,45.02085831,-84.59898295,287,12,0.46,24247,11951,12296,1.6,94.7,0.4,0.5,0.5,0,18968,50823,26012,14.9,29.4,19.2,26.3,10.9,14.2,6.5,0,6.4,,160.82,2253.07
244,Ottawa,MI,207.33,62.20,31.80,145405,90456,46276, 185.67 ,59.80,38.40,168074,100511,64566,42.95996803,-85.9969107,5762,78,2.98,280243,138250,141993,9.4,84.3,1.4,0.3,2.7,0,204444,63962,29121,9.5,34.3,15.8,22,8,19.9,4.6,0.1,4.4,,1831.76,25662.93
245,Presque Isle,MI,10.29,62.20,33.30,7215,4486,2400, 9.24 ,63.90,34.80,8360,5343,2912,45.34018577,-83.91498656,81,1,0.04,12854,6419,6435,1.2,95.8,0.5,0.4,0.4,0,10690,43758,24793,14.9,27.5,19.8,20.5,14.5,17.7,9.2,0.3,11.4,,91.11,1276.47
246,Roscommon,MI,18.59,62.50,32.90,13036,8141,4287, 16.59 ,64.40,34.40,15018,9670,5166,44.33473082,-84.61067651,217,6,0.23,23934,11867,12067,1.6,95.3,0.3,0.9,0.2,0,20184,37834,22333,19.8,25.1,19.5,28.4,11.8,15.2,7.1,1,13,,163.67,2293.07
247,Saginaw,MI,134.31,48.30,47.10,94198,45469,44395, 114.17 ,49.10,49.40,103347,50785,51088,43.33433923,-84.0513121,4230,157,5.99,193803,94017,99786,8.3,69.7,18.1,0.2,1.2,0,149219,45034,25348,17.7,30.5,21.4,24.6,8.3,15.2,4,0.2,8.2,,1126.33,15779.88
248,Sanilac,MI,27.44,69.90,25.30,19243,13446,4873, 24.80 ,72.10,26.60,22446,16194,5966,43.42406072,-82.82055898,232,7,0.27,41535,20592,20943,3.7,94.1,0.6,0.3,0.4,0,32085,44417,23924,15,27,16.5,20.4,14,22.1,9.2,0.6,7.7,,244.63,3427.24
249,Schoolcraft,MI,5.92,61.60,33.00,4151,2556,1369, 5.24 ,65.10,33.50,4745,3090,1589,46.19235734,-86.19972234,102,1,0.04,8114,3977,4137,1,85.9,0.6,7.1,0.4,0,6624,37428,21534,21.4,25.5,24.9,21.3,13.6,14.7,5.9,0.1,13.9,,51.71,724.51
250,Shiawassee,MI,48.54,56.50,36.90,34044,19232,12547, 43.36 ,59.00,39.20,39250,23154,15371,42.953928,-84.14585902,787,34,1.30,68617,33807,34810,2.9,94.3,0.4,0.2,0.5,0,53302,50967,25218,13.1,28,16.7,22.8,12.4,20.2,6.5,0.2,7.1,,427.77,5993.01
251,St. Clair,MI,111.21,62.90,31.50,77994,49067,24553, 101.70 ,64.30,34.10,92064,59186,31363,42.92655373,-82.67937954,1726,65,2.48,159761,79295,80466,3.2,91.3,2,0.1,0.7,0,123535,53641,27807,13.3,27.8,18.7,22,10.5,21,4.7,0.1,7.6,,1003.36,14057.09
252,St. Joseph,MI,33.89,62.60,31.70,23765,14886,7529, 30.91 ,64.80,33.10,27982,18128,9262,41.91441767,-85.52797979,1371,24,0.92,60890,30264,30626,7.5,86.8,2.5,0.2,0.5,0,44242,47856,23702,15.7,24.4,15.1,18.6,9.2,32.7,5.7,0.2,5.3,,304.96,4272.52
253,Tuscola,MI,37.30,66.60,28.60,26157,17421,7493, 32.58 ,68.90,29.50,29495,20310,8713,43.46606813,-83.41897025,729,36,1.37,53569,26889,26680,3.2,93.7,1.1,0.3,0.3,0,41992,45495,23573,15.9,26.1,19.7,21.5,13.4,19.3,7.7,0.2,7.4,,321.45,4503.54
254,Van Buren,MI,47.36,53.90,39.90,33213,17890,13258, 43.15 ,55.30,43.00,39060,21591,16800,42.25190229,-86.01939087,1222,20,0.76,75190,37397,37793,11.2,81.5,3.1,0.4,0.6,0.1,55052,49119,25433,15.8,28.9,19,21.3,12.3,18.6,6.7,0.1,6.6,,425.70,5964.00
255,Washtenaw,MI,266.92,26.90,68.40,187201,50335,128025, 239.63 ,25.90,72.40,216924,56241,157130,42.253105,-83.83853204,5800,119,4.54,361509,178949,182560,4.5,70.6,11.7,0.2,8.7,0,269886,65618,37455,14.5,52.6,15.7,18.4,4.4,8.8,4.6,0.2,5.4,,2364.15,33121.75
256,Wayne,MI,1103.59,29.50,66.80,773983,228313,517022, 952.05 ,30.70,68.10,861821,264149,587074,42.28098405,-83.281255,42172,3060,116.79,1763822,848339,915483,5.7,49.7,38.9,0.3,3.1,0,1279502,43702,24847,23.7,31.9,20,23.9,6.9,17.4,3.7,0.1,11.6,,9392.58,131589.96
257,Wexford,MI,21.79,65.40,29.00,15279,10000,4436, 20.21 ,66.20,31.90,18292,12102,5838,44.33853602,-85.57712739,192,4,0.15,32915,16480,16435,1.8,94.8,0.6,0.5,0.7,0,25027,42793,22028,17.3,27.3,17,21.4,10.2,24.1,7.5,0.3,7.2,,199.36,2792.97
258,Adams,PA,0.79,66.30,29.90,47138,31249,14077, 0.83 ,66.30,32.20,56627,37563,18250,39.87140411,-77.21610347,1184,31,1.18,101589,50055,51534,6.8,89.5,1.4,0,0.7,0,78227,62661,29685,8.8,30.1,16.2,22.1,11,20.6,5.6,0.2,4.9,19355.82,5185.73,
259,Allegheny,PA,10.77,40.00,56.40,643173,257488,363017, 10.40 ,39.00,59.50,707837,275955,421004,40.46809875,-79.98167747,15940,419,15.99,1229605,593177,636428,2,79.1,12.7,0.1,3.5,0,961881,56333,35280,12.5,45,16.8,23.7,6.1,8.3,4.6,0.1,5.9,241947.57,64821.64,
260,Armstrong,PA,0.51,74.50,22.50,30446,22676,6849, 0.53 ,75.60,23.30,36111,27284,8406,40.81665618,-79.46290811,786,21,0.80,66737,33176,33561,0.7,97.3,1,0,0.2,0,53561,47527,25502,13,28.3,19,21.2,13.6,17.9,5,0,6.9,12343.19,3306.94,
261,Beaver,PA,1.32,58.30,38.20,79036,46081,30225, 1.37 ,58.10,40.60,93083,54108,37747,40.6825484,-80.34921611,2343,140,5.34,168161,81606,86555,1.5,89.7,5.9,0,0.5,0,134353,53981,29162,10.8,33.8,17.4,25.4,8.8,14.6,4.2,0.1,5.6,31816.94,8524.27,
262,Bedford,PA,0.39,82.80,15.40,23504,19455,3613, 0.41 ,83.50,15.80,27574,23025,4367,40.00522157,-78.48998442,462,7,0.27,48891,24404,24487,1.1,96.9,0.4,0.1,0.2,0,38863,48703,24219,13.6,25.7,18.3,21.2,13.4,21.4,8.6,0.3,5.9,9425.14,2525.15,
263,Berks,PA,2.95,52.90,42.70,175934,93094,75169, 2.91 ,53.40,45.20,198260,105941,89530,40.41570541,-75.92457766,9648,425,16.22,415500,204283,211217,19.6,73.2,4.1,0.1,1.4,0,307824,59580,29041,13.6,31.8,16.7,23.3,8.7,19.4,5.1,0.1,7.3,67767.76,18156.07,
264,Blair,PA,0.87,71.50,25.20,52029,37224,13093, 0.92 ,71.20,27.80,62784,44714,17425,40.47961444,-78.34917412,1456,32,1.22,124736,61106,63630,1.2,94.8,1.5,0,0.7,0,98433,45664,25531,15.2,31.2,18.6,25.3,8.8,16,4.9,0.2,5.2,21460.36,5749.57,
265,Bradford,PA,0.43,70.70,24.70,25399,17957,6263, 0.44 ,71.60,26.70,30143,21586,8044,41.78869215,-76.51570822,895,15,0.57,61546,30348,31198,1.4,96.1,0.6,0.1,0.6,0,47743,50900,26937,12.2,28.4,16.2,19.8,13.6,21.9,7,0.3,5.6,10303.26,2760.41,
266,Bucks,PA,5.74,47.80,48.40,342572,163873,165861, 5.72 ,47.30,51.60,389093,184149,200854,40.33682119,-75.10836643,10513,626,23.89,626486,307319,319167,5,84.8,3.8,0.2,4.5,0,476133,82031,41924,6.1,43.1,13.9,25.2,7.8,9.9,5.2,0.2,5.4,132996.87,35632.00,
267,Butler,PA,1.54,66.70,29.20,92027,61388,26834, 1.63 ,65.80,32.90,110960,73023,36534,40.91152759,-79.91351055,1892,28,1.07,185984,91847,94137,1.4,95,0.9,0.1,1.1,0,145821,66037,35101,8.4,38.8,16.1,23.7,9.1,12.3,5,0.2,4.5,37927.52,10161.39,
268,Cambria,PA,1.01,67.30,29.60,60167,40510,17798, 1.04 ,68.10,30.80,70600,48092,21749,40.49527404,-78.71377428,1225,9,0.34,135871,66777,69094,1.5,93,3.2,0,0.5,0,108887,44943,24838,15.6,33.1,19.8,22.9,9.8,14.3,4.3,0.1,7.5,24131.97,6465.34,
269,Cameron,PA,0.03,73.90,23.20,2024,1495,469, 0.04 ,72.80,26.00,2434,1771,634,41.43625568,-78.20376845,10,0,0.00,4754,2419,2335,0.8,96.6,1.1,0.2,0.4,0,3883,40402,24933,14.4,23.1,18.8,16.9,11.9,29.2,6.8,0.5,4.1,831.97,222.90,
270,Carbon,PA,0.48,65.20,31.00,28721,18714,8917, 0.49 ,65.40,33.30,33018,21607,10990,40.91545395,-75.7068525,616,31,1.18,63987,31716,32271,4.3,92.4,1.7,0,0.5,0,50899,51236,25680,12.8,27.5,18.4,22.6,11.6,19.9,4.7,0.1,7.6,11285.97,3023.69,
271,Centre,PA,1.26,46.60,48.50,75394,35099,36555, 1.14 ,46.90,51.70,77490,36371,40054,40.92058903,-77.82200624,4292,19,0.73,160646,84313,76333,2.8,85.8,3.6,0.1,6,0,127511,56466,28545,18.4,46.8,18.1,19.7,6.5,8.9,5.3,0.2,4.6,26487.05,7096.31,
272,Chester,PA,4.47,43.30,52.60,266637,115582,140188, 4.57 ,40.80,57.60,310650,126844,179065,39.97291773,-75.74768357,8198,381,14.54,514652,253509,261143,7.2,80.2,5.7,0.1,4.9,0,369972,92417,46256,6.9,49.7,13.7,21.9,7.3,7.4,5.4,0.1,4.8,106184.07,28448.42,
273,Clarion,PA,0.29,71.80,24.30,17481,12545,4256, 0.28 ,74.80,24.00,19213,14363,4615,41.19265812,-79.42413524,245,4,0.15,38747,18932,19815,0.8,96.3,1,0.2,0.5,0,31269,44373,23595,17.5,30.1,22.9,19.3,11.4,16.3,6.5,0.3,6.6,6567.24,1759.47,
274,Clearfield,PA,0.55,73.10,23.60,32692,23909,7700, 0.58 ,74.10,24.50,39124,28984,9598,41.00110782,-78.47592663,502,7,0.27,80539,41950,38589,2.9,93.1,2.5,0.2,0.6,0,63655,45188,22568,15.3,26.7,19.7,21.1,11.7,20.7,6.9,0.2,8.2,13373.07,3582.86,
275,Clinton,PA,0.25,65.40,30.50,14839,9701,4533, 0.26 ,67.50,31.20,17608,11889,5498,41.23255967,-77.63785995,282,7,0.27,39321,19293,20028,1.4,95.3,1.4,0.1,0.7,0,31060,47990,22794,17.2,26.2,20.7,22.1,12.2,18.8,4.5,0.2,5.9,6018.64,1612.49,
276,Columbia,PA,0.45,64.10,31.30,27127,17387,8502, 0.45 ,64.60,33.70,30569,19752,10289,41.04821986,-76.40565017,1079,43,1.64,66615,32085,34530,2.6,93.4,1.8,0.1,1.2,0,54036,48395,24908,15.9,32.2,18,22,8.3,19.5,5.3,0.2,5.1,10448.87,2799.42,
277,Crawford,PA,0.60,67.20,28.70,35563,23912,10215, 0.60 ,68.10,30.70,41125,28002,12610,41.68447709,-80.10760592,585,3,0.11,86847,42498,44349,1.2,95.1,1.9,0.1,0.4,0,67896,47179,24716,14.5,29.8,18.3,20.3,10.4,21.2,8,0.2,6,14057.04,3766.11,
278,Cumberland,PA,1.93,57.10,38.50,115068,65649,44282, 2.05 ,54.60,43.90,139399,76149,61168,40.1625372,-77.26130755,2566,81,3.09,245801,121449,124352,3.5,86.9,3.5,0.1,4,0,189160,65544,34246,7.8,40.6,15.4,25,6.2,12.7,4.9,0.2,4.2,47648.33,12765.75,
279,Dauphin,PA,2.18,46.60,49.40,130160,60620,64287, 2.12 ,45.10,53.60,144482,65154,77397,40.41377078,-76.77993242,4998,196,7.48,273329,132330,140999,8.5,67.1,17.7,0.1,3.9,0,203188,57071,31152,13.2,38.4,17.9,25.2,6,12.4,4.2,0.2,5.7,49385.76,13231.24,
280,Delaware,PA,4.77,37.40,59.40,284832,106559,169169, 4.78 ,36.20,62.60,325464,117843,203601,39.91680171,-75.40243663,14001,771,29.43,563384,270775,292609,3.6,68,20.7,0.1,5.4,0,415663,69839,36747,10.4,43,17.5,23.9,6.6,9.1,4.6,0.1,6.8,111247.68,29805.04,
281,Elk,PA,0.23,70.00,26.30,13854,9704,3637, 0.25 ,71.80,26.80,16713,11993,4478,41.42822061,-78.64524744,198,2,0.08,30781,15435,15346,0.8,97.6,0.5,0.2,0.4,0,24631,49876,27163,9.4,26.3,14,18.6,8.4,32.8,5.3,0.3,4.8,5712.71,1530.53,
282,Erie,PA,1.96,48.80,46.80,117240,57168,54820, 2.02 ,48.80,49.80,137184,66912,68336,41.99253829,-80.03301954,2261,40,1.53,277794,137134,140660,4,84.8,6.8,0.2,1.6,0,211830,48192,26361,16.8,33.7,20.6,23.2,7.2,15.3,4.6,0.1,6.5,46891.21,12562.91,
283,Fayette,PA,0.89,64.40,33.40,53426,34388,17826, 0.88 ,66.70,32.60,59941,39978,19518,39.92041012,-79.64291195,1074,15,0.57,133160,65640,67520,1.1,92.1,3.9,0,0.2,0.2,106492,41632,24247,18.8,27.7,19.6,22.8,11.8,18.1,4.3,0.1,7.5,20488.59,5489.22,
284,Forest,PA,0.04,70.10,26.10,2398,1680,626, 0.04 ,71.10,27.30,2621,1864,715,41.51095103,-79.23229292,19,1,0.04,7388,5972,1416,7,59.7,30.8,0.2,0.7,0,6643,37106,14989,14.1,24.5,22.6,24.8,11.1,17,10.7,0.5,5.4,895.89,240.02,
285,Franklin,PA,1.16,71.50,25.00,69345,49554,17322, 1.19 ,70.80,27.80,80896,57308,22468,39.92956518,-77.72157791,2329,55,2.10,153003,75535,77468,5.3,88.6,3.8,0.2,1,0,115719,58267,28985,10.4,30.8,17.1,23.1,10.4,18.5,5.9,0.2,5.7,27651.27,7408.22,
286,Fulton,PA,0.11,84.20,13.40,6743,5676,904, 0.12 ,85.50,13.60,7978,6824,1085,39.92913544,-78.11163677,95,4,0.15,14631,7376,7255,1.2,96.3,1.5,0.3,0.1,0,11525,50007,25273,11.5,25.7,16.9,20,14.2,23.2,6.6,0.4,6.5,2726.98,730.60,
287,Greene,PA,0.25,69.50,27.80,14955,10394,4157, 0.26 ,71.20,27.80,17635,12556,4900,39.85746531,-80.22357106,268,1,0.04,37338,19397,17941,1.5,93.6,3.1,0.1,0.4,0,30045,50972,25574,14.8,30.7,19.3,19.7,16.4,13.8,3.2,0.1,5.7,6027.86,1614.96,
288,Huntingdon,PA,0.33,73.70,23.00,19496,14369,4487, 0.33 ,74.80,23.90,22793,17059,5448,40.42162652,-77.97673273,1041,19,0.73,45686,24129,21557,1.9,90.9,5,0.1,0.5,0,36688,46765,22908,13.6,28.4,20.8,20.7,13.8,16.3,6.2,0.1,6.7,7790.93,2087.32,
289,Indiana,PA,0.63,66.10,30.40,37728,24920,11468, 0.61 ,68.20,30.70,41196,28087,12634,40.65241041,-79.08963285,1222,17,0.65,86551,43449,43102,1.3,93.9,2.2,0.2,1.1,0,69989,46306,25014,16.6,30,19.5,22.7,12.5,15.3,6.7,0.2,7.8,14081.31,3772.61,
290,Jefferson,PA,0.31,78.30,18.50,18551,14533,3437, 0.33 ,78.80,19.80,22761,17928,4498,41.12913106,-78.9986361,226,4,0.15,44258,21963,22295,0.8,97.3,0.6,0.2,0.3,0,34790,45342,23895,14.2,26.3,17.3,19.7,13.8,22.9,7.5,0.3,4.7,7780.00,2084.39,
291,Juniata,PA,0.17,79.20,17.40,10402,8234,1810, 0.18 ,80.10,18.70,12042,9648,2253,40.53358749,-77.3997513,248,8,0.31,24448,12210,12238,3.2,94.8,1.1,0,0.3,0,18662,50571,24068,13.1,26.2,14.9,19.9,15.5,23.5,7.6,0.3,4.4,4116.11,1102.77,
292,Lackawanna,PA,1.72,46.80,50.20,102740,48102,51593, 1.68 ,45.20,53.60,113975,51501,61124,41.43564672,-75.60379201,3875,219,8.36,211960,102652,109308,6.7,86.6,2.6,0.1,2.5,0,163823,48380,27258,15.4,35.1,17.2,24.8,8.3,14.7,4.8,0.2,5.4,38958.09,10437.50,
293,Lancaster,PA,4.01,57.30,37.70,239151,137145,90066, 4.12 ,57.00,41.10,280485,159902,115294,40.03904563,-76.24770128,9929,479,18.28,536494,262686,273808,10,82.7,3.6,0.1,2.1,0,397192,61492,29280,10.4,33.3,16,23,10.6,17,6.8,0.2,4.7,95873.29,25686.00,
294,Lawrence,PA,0.68,62.40,34.40,40555,25323,13933, 0.67 ,64.30,34.60,45558,29290,15772,40.99206278,-80.33393706,957,35,1.34,88231,42663,45568,1.3,92,3.5,0.1,0.5,0,70117,47188,26918,14,30.6,18.5,23.6,9.8,17.4,5.5,0.2,6.5,15572.30,4172.07,
295,Lebanon,PA,0.99,65.90,30.30,58906,38804,17860, 1.04 ,65.30,33.40,70890,46267,23646,40.36680311,-76.45651841,3215,67,2.56,137616,67390,70226,12.2,83.4,1.8,0.1,1.3,0,103979,57698,27916,10.5,30.1,18.4,24,9.5,18,6.3,0.2,5.8,24231.09,6491.90,
296,Lehigh,PA,2.56,45.90,50.40,153031,70285,77087, 2.65 ,45.60,53.20,180284,82287,95889,40.6154815,-75.59435245,6863,366,13.97,360774,176067,184707,22.8,66.5,5.4,0.1,3.3,0,263430,60116,30988,13.3,35.1,16.6,24.7,7.1,16.6,4.2,0.1,7,61623.33,16509.88,
297,Luzerne,PA,2.22,58.40,38.80,132731,77508,51454, 2.23 ,56.80,42.20,151727,86127,64100,41.17823008,-75.98447579,5624,206,7.86,318222,156922,161300,10.1,83.8,3.5,0.1,1.2,0,246670,49290,26809,15.2,31,17.8,25.9,7.9,17.3,4.5,0.2,7,51862.19,13894.71,
298,Lycoming,PA,0.84,70.50,25.70,50294,35475,12926, 0.87 ,70.00,28.60,59221,41439,16961,41.34310539,-77.06629984,1004,32,1.22,115398,56644,58754,1.9,90.7,4.8,0.1,0.6,0,90774,50634,26265,14,30.4,19.9,24.1,9.2,16.5,5.1,0.2,6.2,20242.48,5423.29,
299,McKean,PA,0.26,71.70,24.40,15572,11159,3802, 0.29 ,72.40,26.10,19427,14067,5076,41.80938602,-78.56478358,162,2,0.08,42070,21802,20268,2.1,93.5,2.5,0.1,0.4,0,33352,45866,24868,17.3,29.4,21,17.9,10.9,20.7,5.7,0.1,7.5,6640.39,1779.07,
300,Mercer,PA,0.83,60.60,35.60,49594,30034,17631, 0.83 ,62.50,36.20,56420,35282,20426,41.30248872,-80.25816981,1146,27,1.03,113623,55992,57631,1.4,90.3,5.7,0.1,0.7,0,90091,47340,25499,13.7,30.6,21.2,22.8,8.4,17.1,5.9,0.2,5.8,19285.06,5166.78,
301,Mifflin,PA,0.31,77.00,19.50,18239,14050,3563, 0.32 ,77.50,21.40,21491,16663,4599,40.61116939,-77.61070738,457,4,0.15,46452,22748,23704,1.4,96.1,0.6,0.1,0.6,0,35727,46286,23568,13.5,25.2,19.4,18.7,12.6,24.1,6.8,0.2,4.2,7345.89,1968.08,
302,Monroe,PA,1.10,48.10,48.40,65944,31706,31930, 1.23 ,46.30,52.50,83499,38640,43844,41.05934058,-75.34031025,2081,135,5.15,167306,82610,84696,14.9,67.6,13,0.2,2.2,0,127290,61430,27439,11.1,32.5,20.2,24.5,8.8,14,5.1,0.1,9.2,28541.01,7646.59,
303,Montgomery,PA,7.16,37.60,58.70,427489,160803,251063, 7.37 ,36.50,62.50,501561,182907,313543,40.21053671,-75.36652296,14421,895,34.16,818677,397990,420687,4.9,76.6,8.8,0.1,7.3,0,605802,84791,45048,6.4,49.8,13.1,23,6.2,7.9,5.4,0.1,5.2,171439.85,45931.49,
304,Montour,PA,0.14,61.80,33.40,8535,5274,2851, 0.14 ,59.50,38.40,9812,5842,3768,41.03023987,-76.66345939,311,11,0.42,18302,8858,9444,2.5,92.1,1.8,0,3.1,0,14364,56250,31818,10.5,38,16.9,22.8,7.9,14.4,5,0,4.4,3353.86,898.55,
305,Northampton,PA,2.39,50.00,46.20,142775,71384,65936, 2.49 ,48.90,49.70,169403,82830,84145,40.75182733,-75.30471829,5619,315,12.02,300941,147829,153112,12.4,77.9,4.7,0.1,2.8,0,231519,65390,32608,9.2,35.4,17.3,24.8,8.3,14.3,4.6,0.1,5.7,57904.07,15513.43,
306,Northumberland,PA,0.59,69.80,26.30,34971,24418,9184, 0.62 ,68.40,30.00,42335,28975,12703,40.84785433,-76.70798222,1594,112,4.27,93038,46851,46187,3.2,93,2.5,0.2,0.3,0,74279,44534,24278,14.4,27.9,20.8,21.3,10.1,19.9,5.5,0.2,5.1,14470.63,3876.92,
307,Perry,PA,0.35,73.80,21.90,21153,15613,4630, 0.36 ,74.20,24.10,24652,18293,5950,40.40206612,-77.26297447,382,6,0.23,45878,23135,22743,1.8,95.8,0.9,0.2,0.4,0,35551,60847,28900,8.4,30.4,14.1,23.5,14.7,17.3,7.2,0.3,4.3,8426.36,2257.56,
308,Philadelphia,PA,11.39,15.50,82.40,680227,105418,560542, 10.42 ,18.10,81.20,709271,128325,576275,40.00338507,-75.1379271,44505,1875,71.56,1569657,742412,827245,14.1,34.9,41.3,0.2,7,0,1128642,40649,24811,25.8,37.7,23.1,22.4,5.9,10.9,4,0.1,11.3,242437.73,64952.96,
309,Pike,PA,0.44,61.50,35.50,26066,16035,9247, 0.48 ,59.00,40.00,32616,19241,13052,41.33155042,-75.03208106,634,23,0.88,55687,27956,27731,10.3,81.1,5.7,0.1,1.2,0,43397,63417,31156,9.9,32.5,19.6,24.7,13.4,9.7,7,0.3,7.8,11148.56,2986.88,
310,Potter,PA,0.13,80.30,16.70,7777,6247,1300, 0.13 ,80.00,18.90,8901,7117,1686,41.74471626,-77.89559864,60,1,0.04,17070,8604,8466,1.2,96.7,0.4,0.2,0.3,0,13425,41406,23213,14.4,29.5,16.7,18,13.5,22.2,9.1,0.2,6.7,3042.47,815.13,
311,Schuylkill,PA,1.05,70.00,26.70,62750,43937,16724, 1.02 ,69.20,29.40,69522,48100,20425,40.70497338,-76.2150785,2188,97,3.70,144287,73691,70596,3.8,91.7,2.6,0.1,0.5,0,114513,47642,25224,12.5,27.9,16.3,22.5,10.9,22.4,4.9,0.1,6.9,23763.49,6366.62,
312,Snyder,PA,0.27,71.70,24.40,16333,11710,3991, 0.28 ,72.90,25.60,18945,13816,4848,40.77129231,-77.06840691,511,18,0.69,40570,20076,20494,2.2,95.2,0.8,0.1,0.7,0,31496,54182,24961,11.3,26.5,18.6,22.7,11.9,20.3,6.5,0.4,3.6,6475.64,1734.93,
313,Somerset,PA,0.60,76.50,20.60,35730,27347,7367, 0.59 ,77.60,21.30,40062,31105,8543,39.97172723,-79.02699593,474,3,0.11,75619,39289,36330,1.4,94.6,2.6,0.1,0.4,0,61414,46132,23877,12.7,28.3,19.6,20.8,12.6,18.7,7.3,0.6,6.1,13693.69,3668.76,
314,Sullivan,PA,0.05,73.20,23.90,3168,2318,756, 0.05 ,72.90,25.60,3599,2622,921,41.44634738,-76.51246591,21,1,0.04,6192,3234,2958,1.8,93.1,2.5,0.5,0.5,0,5382,45519,26720,13.1,25,17.9,18.3,21.3,17.6,10.5,0.7,8.8,1230.18,329.59,
315,Susquehanna,PA,0.32,69.20,26.40,19200,13295,5065, 0.31 ,69.80,28.50,21325,14879,6084,41.82147784,-75.80071959,420,28,1.07,41716,20988,20728,1.7,96.4,0.6,0.2,0.4,0,33455,52014,27823,13,27.2,17.4,21.3,14.8,19.3,9.2,0.4,6.7,7289.15,1952.88,
316,Tioga,PA,0.29,74.60,21.00,17334,12928,3642, 0.31 ,74.70,23.50,21087,15750,4958,41.77255149,-77.25433032,253,3,0.11,41550,20599,20951,1.2,96.3,0.6,0.1,0.5,0,33019,50017,25353,13.4,29.4,18.5,20.6,12.1,19.4,8.8,0.3,6.4,7207.80,1931.09,
317,Union,PA,0.29,60.90,35.30,17400,10605,6138, 0.30 ,61.50,36.70,20078,12342,7377,40.96188846,-77.05996014,745,11,0.42,45056,24776,20280,5.7,84.4,6.2,0.5,1.7,0,36264,53768,25089,10.2,34.9,20.7,18.8,10.4,15.2,8,0.6,3.4,6862.91,1838.68,
318,Venango,PA,0.37,69.00,26.70,22096,15254,5889, 0.39 ,69.80,28.50,26198,18286,7475,41.40323442,-79.75845449,297,1,0.04,52880,26094,26786,1.1,96.1,0.9,0,0.4,0,42057,46487,25190,13.6,28.9,19.7,22.8,9.3,19.2,6.3,0.2,7.6,8954.81,2399.14,
319,Warren,PA,0.30,68.30,27.40,17624,12032,4828, 0.30 ,68.70,29.30,20401,14020,5987,41.81304978,-79.26969577,71,1,0.04,40345,20152,20193,1,97,0.5,0.1,0.5,0,32229,45781,26558,13.4,30.7,16.1,20.9,10.3,21.9,7.3,0.4,5.7,6973.32,1868.26,
320,Washington,PA,1.62,60.80,35.50,96945,58941,34436, 1.73 ,60.80,38.10,117443,71397,44746,40.19208869,-80.24582867,2153,37,1.41,207661,101746,105915,1.6,92.5,2.9,0.1,0.9,0,165043,59309,32828,9.7,35.8,16.8,23.7,11.2,12.6,4.8,0.1,5.8,40143.49,10755.09,
321,Wayne,PA,0.37,68.30,28.60,22365,15269,6398, 0.41 ,66.40,32.70,28077,18630,9186,41.64938475,-75.29956506,294,12,0.46,51656,27404,24252,4.2,91,3.1,0.2,0.6,0,42291,52161,25569,11.1,29.9,19.6,22.4,13.4,14.7,9.6,0.3,6.5,9597.07,2571.21,
322,Westmoreland,PA,3.04,64.10,32.70,181740,116427,59506, 2.98 ,63.50,35.10,202492,128596,71099,40.3137798,-79.46615476,4538,104,3.97,356835,174211,182624,1.1,94.1,2.3,0,0.9,0,288227,56702,31827,10.3,36.2,16.7,23.4,9,14.7,4.8,0.1,4.9,69214.31,18543.62,
323,Wyoming,PA,0.21,67.40,28.80,12418,8375,3573, 0.22 ,66.90,31.70,14858,9936,4704,41.51955538,-76.01074915,171,8,0.31,27760,13958,13802,1.8,95.8,0.7,0.1,0.4,0,22052,55965,28046,10.4,25.2,17.7,24,14.4,18.7,5.8,0.1,6.5,5078.65,1360.65,
324,York,PA,3.40,62.50,33.20,203153,126933,67428, 3.43 ,61.50,36.70,233060,143415,85491,39.9210089,-76.73040131,6742,207,7.90,442216,218524,223692,6.9,84.3,5.2,0.1,1.4,0,336393,61707,30178,10.3,33.3,16,23.7,9.4,17.6,4.8,0.1,5.4,79662.83,21342.95,
325,Adams,WI,0.34,59.20,37.40,10107,5983,3780, 0.36 ,62.30,36.60,11818,7362,4329,43.96974651,-89.76782777,587,5,0.19,20111,10770,9341,3.8,90.7,2.7,0.6,0.5,0,16837,44003,24874,13,23.6,22.7,21.8,12.5,19.4,7.3,0.2,8.1,4491.74,2231.63,2260.11
326,Ashland,WI,0.27,43.30,52.20,7926,3428,4136, 0.27 ,43.90,54.80,8757,3841,4801,46.31956891,-90.67837132,301,3,0.11,15779,7954,7825,2.6,82.7,0.4,10.6,0.4,0,12169,41505,22983,14.6,31.2,23.5,20.4,10,14.9,6.6,0,7.2,3328.33,1653.61,1674.71
327,Barron,WI,0.76,60.40,35.00,22514,13595,7881, 0.77 ,62.30,36.30,25346,15803,9194,45.42372701,-91.84833627,1320,7,0.27,45358,22759,22599,2.4,93.8,1.2,0.8,0.7,0,35066,49257,26935,11.5,28.9,16.2,19.2,12.1,23.5,8.6,0.3,3.6,9633.41,4786.17,4847.24
328,Bayfield,WI,0.32,43.50,52.20,9491,4125,4953, 0.33 ,42.40,56.50,10880,4617,6147,46.52868768,-91.19716729,280,2,0.08,15004,7642,7362,1.7,85,0.6,10,0.5,0,12246,50110,28272,11,36,20.4,18.5,13.9,11.3,10.6,0.5,5.5,4135.23,2054.51,2080.72
329,Brown,WI,4.33,52.70,41.90,127497,67192,53358, 4.37 ,52.70,45.50,144011,75865,65509,44.4526553,-88.00411844,16210,103,3.93,258004,128020,129984,8.3,81.6,2.2,2.2,3.1,0,186738,56775,29874,11.3,34.3,16.1,24.9,8.3,16.4,4.3,0.1,4.4,54735.15,27194.07,27541.09
330,Buffalo,WI,0.24,58.50,36.60,6921,4049,2531, 0.24 ,61.80,36.60,7816,4834,2860,44.37835084,-91.75332578,338,3,0.11,13243,6740,6503,2.2,95.9,0.5,0.3,0,0,10326,54753,28286,10.7,30.5,14.8,19.7,14.3,20.7,10.2,0.3,3.5,2970.68,1475.92,1494.75
331,Burnett,WI,0.30,62.10,33.80,8719,5412,2948, 0.31 ,63.70,35.20,10141,6462,3569,45.86303537,-92.36711412,328,6,0.23,15239,7798,7441,1.7,90.6,0.5,4.1,0.3,0,12409,45891,26308,14.6,29.1,20.4,19.9,13.6,16.9,9,0.4,5.1,3854.35,1914.96,1939.39
332,Calumet,WI,0.90,58.10,36.50,26429,15345,9634, 0.93 ,59.00,39.40,30774,18156,12116,44.0816316,-88.21780273,2857,14,0.53,49737,24812,24925,4.1,91.4,0.8,0.6,2.2,0,36855,70662,32713,5.9,34.9,12.4,23.9,8.5,20.2,4.2,0.2,2,11696.47,5811.15,5885.31
333,Chippewa,WI,1.07,56.90,37.70,31471,17912,11875, 1.09 ,59.30,39.00,35945,21316,14001,45.06939744,-91.28068855,1958,24,0.92,63445,33015,30430,1.7,93.9,1.3,0.2,1.3,0,48783,55240,27020,10.7,30,16.7,20.5,11,21.8,7.4,0.3,3.7,13661.84,6787.61,6874.23
334,Clark,WI,0.46,63.80,31.20,13548,8645,4225, 0.45 ,67.10,30.40,14898,10002,4524,44.73483377,-90.61207486,1021,17,0.65,34513,17507,17006,4.4,93.5,0.4,0.2,0.4,0,23756,49131,23437,13.2,27.9,14.5,17.3,15.1,25.2,14.4,0.8,3.3,5662.38,2813.24,2849.14
335,Columbia,WI,0.99,48.30,46.20,29287,14160,13525, 1.03 ,50.00,48.50,33869,16927,16410,43.46492199,-89.33589004,1945,7,0.27,56790,29007,27783,3.1,93.1,1.3,0.4,0.6,0,43693,63293,31290,8.3,32.6,15.7,23,11.6,17.1,5.6,0.3,3.8,12872.80,6395.59,6477.21
336,Crawford,WI,0.26,50.10,44.60,7678,3844,3426, 0.26 ,53.10,45.50,8695,4620,3953,43.23870316,-90.93073686,389,1,0.04,16313,8469,7844,1.3,94.9,1.7,0.4,0.5,0,12833,47331,24391,13,27.1,17.9,20.7,11.9,22.4,8.1,0.1,4.1,3304.76,1641.91,1662.86
337,Dane,WI,10.35,23.40,71.40,304729,71270,217506, 10.46 ,22.90,75.50,344745,78789,260157,43.06601594,-89.41733797,16011,49,1.87,522837,259686,263151,6.3,80.2,5,0.2,5.6,0,388117,67631,37193,12.4,49.9,15.5,21.1,5.3,8.1,4.3,0.1,3.8,131029.37,65099.32,65930.05
338,Dodge,WI,1.45,62.20,32.60,42818,26643,13968, 1.47 ,64.70,33.80,48436,31355,16356,43.41576662,-88.70928178,4746,35,1.34,87833,46032,41801,4.6,90.3,2.4,0.6,0.5,0,68608,56038,27000,8.8,26.3,16.1,21.1,10.9,25.6,5.7,0.3,4.8,18409.37,9146.33,9263.04
339,Door,WI,0.59,49.30,46.10,17398,8584,8026, 0.61 ,48.50,49.90,20117,9752,10044,44.95856458,-87.30002707,953,9,0.34,27443,13602,13841,2.9,94.3,0.5,0.5,0.5,0,22609,56494,34253,8.4,33.1,16.7,21.9,10.9,17.4,8.6,0.3,4.6,7645.99,3798.76,3847.23
340,Douglas,WI,0.75,43.50,51.10,22185,9657,11342, 0.75 ,44.30,53.60,24677,10923,13218,46.43222285,-91.91595768,843,1,0.04,43503,21734,21769,1.5,91.9,1.2,1.7,1,0,34319,50730,27844,14.2,31.7,21,22.5,9.5,15.3,4.2,0.2,5.6,9379.14,4659.84,4719.30
341,Dunn,WI,0.75,52.10,41.00,22029,11487,9025, 0.71 ,56.00,42.10,23524,13173,9897,44.94562799,-91.8962481,1193,1,0.04,44260,22296,21964,1.8,93.1,0.5,0.2,2.5,0,34818,54605,26354,12.8,32.3,17.2,22.3,9.8,18.5,7,0.2,4.7,8940.91,4442.11,4498.80
342,Eau Claire,WI,1.84,43.10,50.40,54080,23301,27271, 1.77 ,43.50,54.30,58275,25341,31620,44.726614,-91.28609183,3960,21,0.80,102388,50371,52017,2.3,90.6,0.8,0.4,3.5,0.4,79895,52178,27780,14.5,34.5,18.9,24.8,6.6,15.3,5.3,0.2,4,22148.94,11004.26,11144.68
343,Florence,WI,0.09,71.60,25.10,2651,1897,666, 0.09 ,72.60,26.60,2940,2133,781,45.84963535,-88.39804137,223,8,0.31,4354,2260,2094,0.9,98.5,0.3,0,0,0,3630,47827,28211,8.4,27.9,19,22.4,12.3,18.4,6.9,0.4,6.4,1117.42,555.17,562.25
344,Fond du Lac,WI,1.74,60.80,34.00,51094,31044,17391, 1.74 ,62.50,36.00,57251,35754,20588,43.75354908,-88.48885325,5111,23,0.88,102082,49962,52120,5,90.3,1.2,0.5,1.4,0,77450,57798,29431,8.5,30.2,16.6,21.1,11,21.1,4.9,0.2,4,21759.74,10810.89,10948.85
345,Forest,WI,0.15,61.80,35.10,4507,2787,1583, 0.15 ,65.10,34.10,5052,3287,1722,45.66678019,-88.77084892,505,11,0.42,9035,4574,4461,2.2,79.7,0.9,14.3,0.4,0.1,7137,43356,23936,17.5,27.8,20.1,20.6,13.8,17.7,8.8,0.1,8.3,1920.14,953.99,966.16
346,Grant,WI,0.82,51.30,41.80,24051,12347,10047, 0.78 ,55.20,42.90,25608,14142,10998,42.8671731,-90.7063218,2043,36,1.37,51742,26915,24827,1.5,95.3,1.3,0.2,0.8,0,40781,50522,23753,15.3,30,18.3,22.2,11.9,17.7,7.8,0.7,3.5,9732.99,4835.64,4897.35
347,Green,WI,0.64,46.30,48.50,18791,8693,9121, 0.65 ,47.50,50.70,21406,10169,10851,42.6794956,-89.60243287,1058,6,0.23,36869,18265,18604,3,94.5,0.4,0.1,0.7,0,27942,60609,30208,8.9,34.1,14.2,22.9,10.7,18,8.1,0.3,2.6,8135.91,4042.16,4093.75
348,Green Lake,WI,0.32,66.70,29.00,9315,6210,2700, 0.32 ,67.20,31.30,10671,7168,3344,43.80025981,-89.04679553,815,4,0.15,18745,9405,9340,4.6,92.9,0.6,0.3,0.3,0,14076,50276,26372,11.4,27.5,14.4,20.7,12.9,24.5,7.9,0.2,3.4,4055.79,2015.04,2040.75
349,Iowa,WI,0.41,39.70,55.00,12123,4809,6669, 0.42 ,42.20,55.90,13992,5909,7828,43.00050278,-90.13469017,569,2,0.08,23576,11870,11706,1.7,95.6,0.7,0.3,0.6,0.1,17902,60017,31717,9,33.4,14.8,22.8,12.5,16.4,8.3,0.3,3.5,5318.03,2642.15,2675.87
350,Iron,WI,0.12,60.10,36.60,3477,2090,1273, 0.12 ,60.80,38.20,4010,2438,1533,46.26302338,-90.24295041,216,4,0.15,5748,2923,2825,1.2,95.9,0.6,0.8,0.2,0,4909,39855,26689,15.2,26.6,20.1,22.6,13.4,17.2,7.9,0.1,7.8,1524.11,757.22,766.88
351,Jackson,WI,0.31,53.30,41.50,9202,4907,3821, 0.31 ,56.90,41.80,10184,5791,4256,44.31864893,-90.80566792,602,2,0.08,20531,10952,9579,3.2,86.4,2.2,5.8,0.4,0,15856,51108,24740,13,26.8,18.8,21.1,15.4,17.9,8.9,0.4,4.7,3870.70,1923.08,1947.62
352,Jefferson,WI,1.44,55.30,39.10,42324,23409,16559, 1.45 ,56.70,41.50,47967,27209,19904,43.02054068,-88.77529134,3016,19,0.73,84586,42282,42304,7,89.9,0.8,0.1,0.7,0,64235,59215,28819,9.8,32,18.5,21.8,9.6,18.2,5,0.1,4.3,18231.12,9057.76,9173.35
353,Juneau,WI,0.40,61.20,34.90,11736,7188,4100, 0.42 ,63.90,34.60,13702,8749,4747,43.92456975,-90.11120239,852,5,0.19,26427,14008,12419,3,91.9,2.3,1.4,0.5,0,20868,48817,24376,14.3,23.8,21.1,21.8,11.6,21.7,6.8,0.5,4.3,5207.80,2587.39,2620.41
354,Kenosha,WI,2.58,47.50,47.20,75825,36025,35770, 2.69 ,50.70,47.60,88691,44972,42191,42.57639354,-88.04051686,5570,88,3.36,167886,83033,84853,12.7,76.3,7.2,0.3,1.3,0,123236,57269,28996,14.5,32.4,18.6,23.4,9,16.5,3.5,0.1,7.8,33709.34,16747.81,16961.53
355,Kewaunee,WI,0.36,61.60,33.70,10742,6616,3623, 0.37 ,65.50,32.90,12095,7927,3976,44.51727459,-87.61468386,1176,8,0.31,20378,10331,10047,2.7,95,0.5,0.3,0.4,0,15626,60320,28767,9.2,31.2,12.5,20,16,20.4,7.5,0.2,3.5,4597.02,2283.94,2313.08
356,La Crosse,WI,2.13,42.00,51.60,62785,26384,32402, 2.06 ,42.30,55.80,67884,28684,37846,43.90632465,-91.11451093,4608,23,0.88,117582,57373,60209,1.8,90.3,1.3,0.3,4.4,0,92865,54127,29495,14.4,36.6,19.9,23,6.4,14.1,3.8,0.1,4.6,25801.09,12818.76,12982.34
357,Lafayette,WI,0.26,52.30,43.30,7602,3977,3288, 0.26 ,56.40,42.60,8555,4821,3647,42.66005229,-90.1317729,600,1,0.04,16755,8485,8270,3.6,94.6,0.4,0.4,0.3,0,12343,55859,27023,10.4,31.9,12.8,21.2,16.4,17.7,12.4,0.7,2.7,3251.55,1615.47,1636.08
358,Langlade,WI,0.34,63.80,32.30,10093,6436,3260, 0.34 ,65.70,33.20,11165,7330,3704,45.26271619,-89.07483625,1081,11,0.42,19190,9709,9481,1.9,94.5,1,0.8,0.3,0,15249,44122,25142,14.8,26.9,15.7,25.5,14.6,17.2,6.7,0.4,6.7,4243.55,2108.32,2135.23
359,Lincoln,WI,0.49,57.70,36.90,14563,8400,5370, 0.50 ,60.70,38.00,16497,10017,6261,45.33737523,-89.73411273,965,12,0.46,27994,14053,13941,1.4,95.7,0.5,0.3,0.4,0,22427,54203,28603,9.2,27.7,15.4,24.5,10.9,21.5,6.6,0.3,4,6270.12,3115.18,3154.93
360,Manitowoc,WI,1.36,58.10,36.40,39991,23234,14563, 1.36 ,60.70,37.50,44829,27218,16818,44.11946801,-87.80928853,3058,16,0.61,79680,39612,40068,3.7,91.2,0.7,0.4,2.6,0,61947,51053,27777,10.2,28.2,17.1,20.5,9.8,24.5,4.7,0.3,3.7,17038.44,8465.21,8573.23
361,Marathon,WI,2.34,56.70,38.50,68849,39010,26476, 2.33 ,58.10,40.10,76751,44624,30808,44.89792533,-89.75863384,5441,61,2.33,135293,68001,67292,2.7,89.1,0.7,0.3,5.7,0,101803,56509,30151,10.3,34.1,14.1,24.4,8.8,18.6,5.5,0.3,3.8,29171.23,14493.14,14678.09
362,Marinette,WI,0.68,65.00,31.20,19979,12995,6243, 0.70 ,66.60,32.10,22979,15304,7366,45.38553432,-88.033246,1915,16,0.61,40712,20459,20253,1.5,95.6,0.6,0.4,0.6,0,32622,44958,25778,13.2,26.1,16.5,21.1,12.3,24,7.1,0.3,5.7,8733.77,4339.20,4394.57
363,Marquette,WI,0.27,60.30,35.90,7813,4712,2808, 0.27 ,63.10,35.70,9065,5719,3239,43.81911946,-89.40073763,705,2,0.08,15164,7699,7465,3.2,93.6,0.6,0.5,0.4,0,12067,49052,26050,11.8,23.2,18.1,20,12.7,26,7.5,0.3,5.5,3445.39,1711.77,1733.62
364,Menominee,WI,0.04,21.00,78.40,1279,269,1003, 0.05 ,17.50,81.90,1590,278,1303,45.00422544,-88.70950714,344,0,0.00,4506,2258,2248,6,8.8,0.5,82.2,0.4,0,3035,38080,17197,35.8,22,37.4,19.9,7.8,12.9,3.2,0.3,8.1,604.32,300.24,304.08
365,Milwaukee,WI,14.77,29.00,66.40,434970,126091,288986, 13.92 ,29.30,69.10,458935,134355,317251,43.00486062,-87.96733172,43482,593,22.63,956586,462784,493802,14.6,52.2,26.1,0.5,4.1,0,679917,46784,26933,20.5,36,19.8,22.9,5.9,15.4,3.6,0.1,7.1,174430.27,86662.19,87768.08
366,Monroe,WI,0.66,58.50,36.00,19554,11442,7047, 0.68 ,61.00,37.40,22564,13775,8432,43.94641218,-90.618819,1267,8,0.31,45303,22893,22410,4.2,91.2,1.5,0.9,0.8,0,33266,56479,26724,12.6,27.8,17.7,22,10.8,21.7,7,0.3,4.7,8576.04,4260.83,4315.21
367,Oconto,WI,0.68,66.50,29.50,19924,13255,5886, 0.70 ,69.90,28.90,23215,16226,6715,45.02715345,-88.26807503,2270,18,0.69,37465,19145,18320,1.7,95.3,0.4,0.8,0.4,0,29585,55762,28437,9.1,29.5,14.2,20.1,14.2,22,7.3,0.4,4.5,8823.47,4383.76,4439.70
368,Oneida,WI,0.71,56.00,38.90,20837,11677,8103, 0.73 ,56.60,41.80,24159,13671,10105,45.70677897,-89.51944105,1373,13,0.50,35352,17790,17562,1.4,95.1,0.7,1.1,0.5,0,29158,52945,30550,9,31.7,19,24.3,10.9,14,7,0.2,3.9,9182.26,4562.02,4620.24
369,Outagamie,WI,3.23,54.20,40.10,95162,51579,38117, 3.28 ,54.00,44.10,108022,58385,47667,44.41578887,-88.46565023,9864,81,3.09,183288,91418,91870,4.2,88.1,1.2,1.6,3.4,0,135990,61523,30858,8.6,34,14.6,24,9,18.4,4.1,0.2,3.1,41056.59,20398.15,20658.45
370,Ozaukee,WI,1.81,57.10,37.80,53368,30458,20167, 1.86 ,55.20,43.10,61486,33912,26517,43.38352225,-87.94625009,2529,25,0.95,87817,43131,44686,2.8,92.1,1.4,0.3,2,0,67154,80526,45820,5.9,47.5,14.1,21.7,6.3,10.4,5.2,0.1,3,23369.37,11610.60,11758.76
371,Pepin,WI,0.13,59.50,35.90,3746,2228,1345, 0.13 ,62.40,35.90,4144,2584,1489,44.58307413,-91.99949611,172,0,0.00,7282,3701,3581,1.7,96.6,0.4,0.2,0.3,0,5644,51470,27901,13.1,32.8,14.2,21,15.1,16.9,11.7,0.3,3.4,1575.04,782.53,792.51
372,Pierce,WI,0.72,53.40,39.70,21089,11260,8380, 0.71 ,55.00,41.90,23458,12903,9839,44.71850291,-92.4224416,819,7,0.27,41226,20501,20725,1.9,94.6,0.6,0.2,1.2,0,32109,66772,31109,10.7,32.3,17.1,20.8,11,18.8,5.9,0.4,2.7,8915.83,4429.65,4486.18
373,Polk,WI,0.77,61.10,33.40,22691,13864,7568, 0.80 ,63.00,35.50,26371,16611,9370,45.46130348,-92.44182875,664,3,0.11,43328,21809,21519,1.9,95.3,0.3,1,0.4,0,33749,53551,27993,9.9,29.4,16.1,20.1,12.4,22,7.7,0.5,4.8,10022.99,4979.72,5043.27
374,Portage,WI,1.29,45.40,48.60,38123,17310,18524, 1.23 ,47.50,50.30,40603,19299,20428,44.47558711,-89.50152965,3006,21,0.80,70371,35333,35038,3,91.7,0.7,0.4,2.6,0,55415,54620,28363,13.1,34.6,16.5,23.9,8.7,16.3,4.7,0.2,4.6,15432.23,7667.20,7765.04
375,Price,WI,0.26,60.30,35.30,7560,4562,2671, 0.26 ,63.10,35.50,8546,5394,3032,45.68051754,-90.3609888,411,3,0.11,13566,6898,6668,1.6,94.6,0.7,0.8,0.6,0.8,11059,45680,27161,11.9,26.7,18,16.6,12.9,25.7,9.6,0.4,2.9,3248.13,1613.77,1634.36
376,Racine,WI,3.18,49.80,45.40,93678,46620,42506, 3.23 ,51.20,47.10,106451,54479,50159,42.74753117,-88.05941254,8178,114,4.35,195101,96480,98621,12.7,72.7,10.7,0.3,1.2,0,144159,58334,29582,11.9,32.4,17.1,23.2,8.5,18.7,4.1,0.1,5.8,40459.49,20101.49,20358.00
377,Richland,WI,0.27,50.50,44.90,7962,4021,3577, 0.27 ,54.00,44.30,9014,4871,3995,43.3762778,-90.43012729,500,9,0.34,17626,8897,8729,2.2,95.2,0.7,0.3,0.5,0,13549,48234,24941,13.6,28,16.1,20.1,13.1,22.8,9.7,0.1,3.5,3426.01,1702.14,1723.86
378,Rock,WI,2.55,42.00,52.40,75043,31483,39336, 2.59 ,43.50,54.70,85348,37133,46649,42.67151616,-89.071479,5702,46,1.76,161226,79293,81933,8.4,83.3,4.4,0.1,1.2,0,118733,53410,26954,14.3,30.3,17.3,22.1,9,21.4,4.5,0.1,6.4,32438.74,16116.54,16322.20
379,Rusk,WI,0.24,64.90,30.90,7029,4564,2171, 0.24 ,66.70,31.90,7886,5257,2517,45.47498854,-91.1333012,251,1,0.04,14211,7160,7051,1.8,95.2,1,0.3,0.1,0,11126,41930,23574,15.2,23.2,14.2,21,14.1,27.4,10.6,0.7,4.1,2997.28,1489.14,1508.14
380,Sauk,WI,1.15,46.90,47.40,33848,15871,16050, 1.10 ,48.30,50.00,36203,17493,18108,43.42574087,-89.94966132,1967,8,0.31,63340,31555,31785,4.8,91.3,0.7,1.1,0.7,0,47624,54447,28331,11.3,30.9,19.4,22.3,10.8,16.5,6,0.4,3.6,13759.90,6836.33,6923.57
381,Sawyer,WI,0.26,59.50,36.60,7767,4625,2846, 0.32 ,56.10,42.90,10479,5883,4494,45.87931905,-91.14504927,419,4,0.15,16384,8315,8069,2.5,76.9,0.7,17.2,0.5,0,13015,43565,29712,17.7,29.8,20.9,22.6,12.3,14.5,10.4,0.9,6.2,3982.82,1978.78,2004.03
382,Shawano,WI,0.67,64.70,30.70,19697,12742,6056, 0.69 ,67.10,31.50,22607,15173,7131,44.78902246,-88.76443896,2683,26,0.99,41136,20632,20504,2.6,87.1,0.3,7.3,0.4,0,31889,51751,26627,11.5,28.9,16.5,21,12.5,21.2,8.9,0.4,3.9,8592.38,4268.95,4323.43
383,Sheboygan,WI,1.98,55.50,38.80,58290,32368,22636, 2.00 ,57.00,41.10,66003,37609,27101,43.72099677,-87.94579284,5290,31,1.18,115094,57875,57219,6.2,85.1,1.6,0.2,5.4,0,86298,56114,28849,8.2,30,16.3,21,8.1,24.6,4.3,0.1,4.4,25086.17,12463.56,12622.61
384,St. Croix,WI,1.59,55.80,37.40,46819,26123,17496, 1.72 ,56.80,40.90,56707,32199,23190,45.03437474,-92.45000068,2103,11,0.42,87142,43468,43674,2.3,94.2,0.9,0.4,1,0,63960,77768,36561,4.8,38.9,14.9,22.7,9.3,14.2,6.1,0.1,3.3,21552.98,10708.17,10844.81
385,Taylor,WI,0.32,70.00,25.50,9417,6589,2398, 0.32 ,71.70,25.20,10685,7656,2693,45.21179252,-90.5004405,555,7,0.27,20344,10402,9942,1.8,96.4,0.5,0.2,0.2,0,15297,49821,26290,10.9,26.6,12.8,17.4,14.3,28.9,11.9,0.7,3.8,4061.11,2017.68,2043.43
386,Trempealeau,WI,0.46,54.30,41.60,13581,7370,5645, 0.47 ,57.50,40.90,15356,8828,6283,44.30360275,-91.35893614,1144,4,0.15,29510,14902,14608,7.6,90.4,0.5,0.3,0.5,0,21457,54009,26654,9,29.3,15,18.7,12,25,8.8,0.2,3.3,5836.45,2899.72,2936.73
387,Vernon,WI,0.48,49.30,44.70,14193,6994,6351, 0.48 ,51.60,46.90,15914,8218,7457,43.59422667,-90.8324691,543,2,0.08,30378,15240,15138,1.6,96.3,0.4,0.3,0.5,0,22384,49996,25314,16.6,31.4,18.2,18.9,13.3,18.2,10.7,0.5,2.9,6048.53,3005.09,3043.44
388,Vilas,WI,0.46,60.70,35.40,13453,8169,4769, 0.47 ,60.30,38.40,15369,9261,5903,46.05467334,-89.51719204,656,7,0.27,21465,10734,10731,2.2,85,0.1,8.9,0.6,0.1,17737,42720,29058,15.3,29.5,24.5,23.4,13.5,9.1,12.8,0.3,7.9,5841.39,2902.18,2939.21
389,Walworth,WI,1.72,57.00,37.00,50570,28848,18706, 1.75 ,58.80,39.60,57588,33844,22783,42.66858202,-88.54163073,3590,39,1.49,102917,51330,51587,11.1,85.5,1,0.2,1,0.1,76828,58401,29192,12.4,30.8,19.1,22.9,10,17.2,6,0.2,5.6,21887.83,10874.53,11013.30
390,Washburn,WI,0.31,59.70,36.20,9059,5404,3283, 0.31 ,61.10,37.30,10371,6332,3867,45.89838588,-91.79050449,267,2,0.08,15638,7716,7922,1.7,94.6,0.5,1.2,0.5,0,12572,46592,28232,13,30.2,18.2,21.6,12.2,17.9,9.3,0.2,5.1,3941.77,1958.39,1983.38
391,Washington,WI,2.59,67.80,27.40,76246,51729,20854, 2.67 ,68.40,30.30,88070,60237,26650,43.36863664,-88.22974712,4887,44,1.68,133967,66558,67409,3.1,93.3,1.1,0.2,1.2,0,102234,73021,36177,5.5,36.6,14.7,24.3,8.4,16,4.4,0.1,3.4,33473.31,16630.55,16842.77
392,Waukesha,WI,8.02,61.60,33.50,236269,145519,79199, 8.13 ,59.60,38.80,267957,159633,103867,43.01833055,-88.30431188,13463,125,4.77,396731,194879,201852,4.6,89.2,1.5,0.2,3.2,0,300815,81140,42094,5,45.6,13,24.3,6.4,10.7,4.1,0.1,3.3,101844.08,50599.19,51244.89
393,Waupaca,WI,0.87,62.80,32.60,25491,16013,8303, 0.88 ,65.10,33.30,29130,18952,9703,44.47068056,-88.96534501,2616,47,1.79,51651,26305,25346,3,94.6,0.4,0.5,0.4,0,40177,54071,29423,11,26.6,18.7,19.2,11.7,23.7,6.2,0.2,3.8,11071.62,5500.71,5570.91
394,Waushara,WI,0.41,64.10,31.80,11961,7669,3802, 0.41 ,66.50,32.30,13568,9016,4388,44.11324419,-89.24317107,1107,5,0.19,24170,12679,11491,6.4,89.6,1.6,0.4,0.4,0,19213,48412,25838,11.1,25.2,17.7,19.5,14.5,23.1,8,0.3,5,5156.87,2562.09,2594.78
395,Winnebago,WI,2.92,50.60,43.10,85892,43447,37054, 2.86 ,50.80,46.80,94160,47796,44060,44.06886922,-88.64477096,9438,67,2.56,169540,85384,84156,3.9,89.3,2.1,0.6,2.6,0,131718,55128,29763,12.2,31.4,17,24.4,7,20.2,3.8,0.1,3.6,35787.98,17780.54,18007.44
396,Wood,WI,1.28,57.00,37.70,37712,21502,14232, 1.25 ,59.00,39.70,41197,24307,16360,44.45537896,-90.04158336,1933,10,0.38,73427,36265,37162,2.8,92.7,0.7,0.6,2,0,56606,51603,29039,11.1,31.5,15.8,21.8,9.9,21,6,0.2,4.8,15658.00,7779.36,7878.64
,,,,,,,,,,,,,,,,,,,,,,,,,,,,,,,,,,,,,,,,,,,
,,,,,,,,,,,,,,,,,,,,,,,,,,,,,,,,,,,,,,,,,,,
,,,,,,,,,,,,,,,,,,,,,,,,,,,,,,,,,,,,,,,,,,,
,,,,,,,,,,,,,,,,,,,,,,,,,,,,,,,,,,,,,,,,,,,
,,,,,,,,,,,,,,,,,,,,,,,,,,,,,,,,,,,,,,,,,,,
,,,,,,,,,,,,,,,,,,,,,,,,,,,,,,,,,,,,,,,,,,,
,,,,,,,,,,,,,,,,,,,,,,,,,,,,,,,,,,,,,,,,,,,
,,,,,,,,,,,,,,,,,,,,,,,,,,,,,,,,,,,,,,,,,,,
,,,,,,,,,,,,,,,,,,,,,,,,,,,,,,,,,,,,,,,,,,,
,,,,,,,,,,,,,,,,,,,,,,,,,,,,,,,,,,,,,,,,,,,
,,,,,,,,,,,,,,,,,,,,,,,,,,,,,,,,,,,,,,,,,,,
,,,,,,,,,,,,,,,,,,,,,,,,,,,,,,,,,,,,,,,,,,,
,,,,,,,,,,,,,,,,,,,,,,,,,,,,,,,,,,,,,,,,,,,
,,,,,,,,,,,,,,,,,,,,,,,,,,,,,,,,,,,,,,,,,,,
,,,,,,,,,,,,,,,,,,,,,,,,,,,,,,,,,,,,,,,,,,,
,,,,,,,,,,,,,,,,,,,,,,,,,,,,,,,,,,,,,,,,,,,
,,,,,,,,,,,,,,,,,,,,,,,,,,,,,,,,,,,,,,,,,,,
,,,,,,,,,,,,,,,,,,,,,,,,,,,,,,,,,,,,,,,,,,,
,,,,,,,,,,,,,,,,,,,,,,,,,,,,,,,,,,,,,,,,,,,
,,,,,,,,,,,,,,,,,,,,,,,,,,,,,,,,,,,,,,,,,,,
,,,,,,,,,,,,,,,,,,,,,,,,,,,,,,,,,,,,,,,,,,,
,,,,,,,,,,,,,,,,,,,,,,,,,,,,,,,,,,,,,,,,,,,
,,,,,,,,,,,,,,,,,,,,,,,,,,,,,,,,,,,,,,,,,,,
,,,,,,,,,,,,,,,,,,,,,,,,,,,,,,,,,,,,,,,,,,,
,,,,,,,,,,,,,,,,,,,,,,,,,,,,,,,,,,,,,,,,,,,
,,,,,,,,,,,,,,,,,,,,,,,,,,,,,,,,,,,,,,,,,,,
,,,,,,,,,,,,,,,,,,,,,,,,,,,,,,,,,,,,,,,,,,,
,,,,,,,,,,,,,,,,,,,,,,,,,,,,,,,,,,,,,,,,,,,
,,,,,,,,,,,,,,,,,,,,,,,,,,,,,,,,,,,,,,,,,,,
,,,,,,,,,,,,,,,,,,,,,,,,,,,,,,,,,,,,,,,,,,,
,,,,,,,,,,,,,,,,,,,,,,,,,,,,,,,,,,,,,,,,,,,
,,,,,,,,,,,,,,,,,,,,,,,,,,,,,,,,,,,,,,,,,,,
,,,,,,,,,,,,,,,,,,,,,,,,,,,,,,,,,,,,,,,,,,,
,,,,,,,,,,,,,,,,,,,,,,,,,,,,,,,,,,,,,,,,,,,
,,,,,,,,,,,,,,,,,,,,,,,,,,,,,,,,,,,,,,,,,,,
,,,,,,,,,,,,,,,,,,,,,,,,,,,,,,,,,,,,,,,,,,,
,,,,,,,,,,,,,,,,,,,,,,,,,,,,,,,,,,,,,,,,,,,
,,,,,,,,,,,,,,,,,,,,,,,,,,,,,,,,,,,,,,,,,,,
,,,,,,,,,,,,,,,,,,,,,,,,,,,,,,,,,,,,,,,,,,,
,,,,,,,,,,,,,,,,,,,,,,,,,,,,,,,,,,,,,,,,,,,
,,,,,,,,,,,,,,,,,,,,,,,,,,,,,,,,,,,,,,,,,,,
,,,,,,,,,,,,,,,,,,,,,,,,,,,,,,,,,,,,,,,,,,,
,,,,,,,,,,,,,,,,,,,,,,,,,,,,,,,,,,,,,,,,,,,
,,,,,,,,,,,,,,,,,,,,,,,,,,,,,,,,,,,,,,,,,,,
,,,,,,,,,,,,,,,,,,,,,,,,,,,,,,,,,,,,,,,,,,,
